[
  {
    "DAY":"2010-05-13",
    "HOUR":20,
    "2":370,
    "3":50,
    "5":47,
    "7":17,
    "10":10,
    "13":13,
    "16":8,
    "19":3,
    "21":6,
    "25":12,
    "30":2,
    "35":0,
    "40":0,
    "45":0,
    "50":0,
    "55":0,
    "60":"0",
    "65":"0",
    "70":"0",
    "UN":0
  },
  {
    "DAY":"2010-05-13",
    "HOUR":21,
    "2":215,
    "3":32,
    "5":49,
    "7":21,
    "10":21,
    "13":11,
    "16":5,
    "19":6,
    "21":2,
    "25":0,
    "30":0,
    "35":0,
    "40":0,
    "45":0,
    "50":0,
    "55":0,
    "60":"0",
    "65":"0",
    "70":"0",
    "UN":0
  },
  {
    "DAY":"2010-05-13",
    "HOUR":22,
    "2":703,
    "3":30,
    "5":96,
    "7":52,
    "10":84,
    "13":39,
    "16":6,
    "19":3,
    "21":3,
    "25":7,
    "30":9,
    "35":0,
    "40":0,
    "45":0,
    "50":0,
    "55":0,
    "60":"0",
    "65":"0",
    "70":"0",
    "UN":0
  },
  {
    "DAY":"2010-05-13",
    "HOUR":23,
    "2":26,
    "3":1,
    "5":3,
    "7":7,
    "10":2,
    "13":5,
    "16":6,
    "19":0,
    "21":0,
    "25":0,
    "30":0,
    "35":0,
    "40":0,
    "45":0,
    "50":0,
    "55":0,
    "60":"0",
    "65":"0",
    "70":"0",
    "UN":0
  },
  {
    "DAY":"2010-05-14",
    "HOUR":1,
    "2":15,
    "3":2,
    "5":8,
    "7":0,
    "10":0,
    "13":0,
    "16":0,
    "19":0,
    "21":0,
    "25":0,
    "30":0,
    "35":0,
    "40":0,
    "45":0,
    "50":0,
    "55":0,
    "60":"0",
    "65":"0",
    "70":"0",
    "UN":0
  },
  {
    "DAY":"2010-05-14",
    "HOUR":2,
    "2":141,
    "3":8,
    "5":11,
    "7":5,
    "10":8,
    "13":5,
    "16":0,
    "19":0,
    "21":0,
    "25":0,
    "30":0,
    "35":0,
    "40":0,
    "45":0,
    "50":0,
    "55":0,
    "60":"0",
    "65":"0",
    "70":"0",
    "UN":0
  },
  {
    "DAY":"2010-05-14",
    "HOUR":3,
    "2":40,
    "3":5,
    "5":13,
    "7":7,
    "10":11,
    "13":0,
    "16":0,
    "19":0,
    "21":0,
    "25":0,
    "30":0,
    "35":0,
    "40":0,
    "45":0,
    "50":0,
    "55":0,
    "60":"0",
    "65":"0",
    "70":"0",
    "UN":0
  },
  {
    "DAY":"2010-05-14",
    "HOUR":4,
    "2":36,
    "3":1,
    "5":7,
    "7":4,
    "10":3,
    "13":2,
    "16":0,
    "19":0,
    "21":0,
    "25":0,
    "30":0,
    "35":0,
    "40":0,
    "45":0,
    "50":0,
    "55":0,
    "60":"0",
    "65":"0",
    "70":"0",
    "UN":0
  },
  {
    "DAY":"2010-05-14",
    "HOUR":6,
    "2":74,
    "3":12,
    "5":31,
    "7":2,
    "10":0,
    "13":0,
    "16":0,
    "19":0,
    "21":0,
    "25":0,
    "30":0,
    "35":0,
    "40":0,
    "45":0,
    "50":0,
    "55":0,
    "60":"0",
    "65":"0",
    "70":"0",
    "UN":0
  },
  {
    "DAY":"2010-05-14",
    "HOUR":7,
    "2":95,
    "3":9,
    "5":37,
    "7":15,
    "10":27,
    "13":6,
    "16":0,
    "19":0,
    "21":0,
    "25":0,
    "30":0,
    "35":0,
    "40":0,
    "45":0,
    "50":0,
    "55":0,
    "60":"0",
    "65":"0",
    "70":"0",
    "UN":0
  },
  {
    "DAY":"2010-05-14",
    "HOUR":8,
    "2":55,
    "3":25,
    "5":25,
    "7":0,
    "10":0,
    "13":0,
    "16":0,
    "19":0,
    "21":0,
    "25":0,
    "30":0,
    "35":0,
    "40":0,
    "45":0,
    "50":0,
    "55":0,
    "60":"0",
    "65":"0",
    "70":"0",
    "UN":0
  },
  {
    "DAY":"2010-05-14",
    "HOUR":9,
    "2":159,
    "3":4,
    "5":9,
    "7":4,
    "10":8,
    "13":10,
    "16":0,
    "19":0,
    "21":0,
    "25":0,
    "30":0,
    "35":0,
    "40":0,
    "45":0,
    "50":0,
    "55":0,
    "60":"0",
    "65":"0",
    "70":"0",
    "UN":0
  },
  {
    "DAY":"2010-05-14",
    "HOUR":10,
    "2":36,
    "3":1,
    "5":9,
    "7":12,
    "10":17,
    "13":0,
    "16":0,
    "19":0,
    "21":0,
    "25":0,
    "30":0,
    "35":0,
    "40":0,
    "45":0,
    "50":0,
    "55":0,
    "60":"0",
    "65":"0",
    "70":"0",
    "UN":0
  },
  {
    "DAY":"2010-05-14",
    "HOUR":11,
    "2":207,
    "3":9,
    "5":27,
    "7":23,
    "10":13,
    "13":2,
    "16":0,
    "19":0,
    "21":0,
    "25":0,
    "30":0,
    "35":0,
    "40":0,
    "45":0,
    "50":0,
    "55":0,
    "60":"0",
    "65":"0",
    "70":"0",
    "UN":0
  },
  {
    "DAY":"2010-05-14",
    "HOUR":12,
    "2":60,
    "3":5,
    "5":21,
    "7":10,
    "10":5,
    "13":0,
    "16":0,
    "19":0,
    "21":0,
    "25":0,
    "30":0,
    "35":0,
    "40":0,
    "45":0,
    "50":0,
    "55":0,
    "60":"0",
    "65":"0",
    "70":"0",
    "UN":0
  },
  {
    "DAY":"2010-05-14",
    "HOUR":13,
    "2":164,
    "3":3,
    "5":20,
    "7":12,
    "10":20,
    "13":3,
    "16":3,
    "19":4,
    "21":4,
    "25":0,
    "30":0,
    "35":0,
    "40":0,
    "45":0,
    "50":0,
    "55":0,
    "60":"0",
    "65":"0",
    "70":"0",
    "UN":0
  },
  {
    "DAY":"2010-05-14",
    "HOUR":14,
    "2":9,
    "3":3,
    "5":1,
    "7":0,
    "10":0,
    "13":0,
    "16":0,
    "19":0,
    "21":0,
    "25":0,
    "30":0,
    "35":0,
    "40":0,
    "45":0,
    "50":0,
    "55":0,
    "60":"0",
    "65":"0",
    "70":"0",
    "UN":0
  },
  {
    "DAY":"2010-05-14",
    "HOUR":15,
    "2":190,
    "3":4,
    "5":13,
    "7":4,
    "10":0,
    "13":0,
    "16":0,
    "19":0,
    "21":0,
    "25":0,
    "30":0,
    "35":0,
    "40":0,
    "45":0,
    "50":0,
    "55":0,
    "60":"0",
    "65":"0",
    "70":"0",
    "UN":0
  },
  {
    "DAY":"2010-05-14",
    "HOUR":16,
    "2":256,
    "3":4,
    "5":9,
    "7":9,
    "10":1,
    "13":0,
    "16":0,
    "19":2,
    "21":0,
    "25":2,
    "30":3,
    "35":0,
    "40":0,
    "45":0,
    "50":0,
    "55":0,
    "60":"0",
    "65":"0",
    "70":"0",
    "UN":0
  },
  {
    "DAY":"2010-05-14",
    "HOUR":17,
    "2":108,
    "3":12,
    "5":30,
    "7":16,
    "10":21,
    "13":6,
    "16":0,
    "19":0,
    "21":0,
    "25":0,
    "30":0,
    "35":0,
    "40":0,
    "45":0,
    "50":0,
    "55":0,
    "60":"0",
    "65":"0",
    "70":"0",
    "UN":0
  },
  {
    "DAY":"2010-05-14",
    "HOUR":18,
    "2":21,
    "3":3,
    "5":6,
    "7":7,
    "10":3,
    "13":0,
    "16":0,
    "19":0,
    "21":0,
    "25":0,
    "30":0,
    "35":0,
    "40":0,
    "45":0,
    "50":0,
    "55":0,
    "60":"0",
    "65":"0",
    "70":"0",
    "UN":0
  },
  {
    "DAY":"2010-05-14",
    "HOUR":20,
    "2":113,
    "3":7,
    "5":18,
    "7":6,
    "10":8,
    "13":7,
    "16":12,
    "19":8,
    "21":0,
    "25":0,
    "30":0,
    "35":0,
    "40":0,
    "45":0,
    "50":0,
    "55":0,
    "60":"0",
    "65":"0",
    "70":"0",
    "UN":0
  },
  {
    "DAY":"2010-05-14",
    "HOUR":21,
    "2":341,
    "3":12,
    "5":17,
    "7":14,
    "10":41,
    "13":9,
    "16":12,
    "19":0,
    "21":0,
    "25":0,
    "30":0,
    "35":0,
    "40":0,
    "45":0,
    "50":0,
    "55":0,
    "60":"0",
    "65":"0",
    "70":"0",
    "UN":0
  },
  {
    "DAY":"2010-05-14",
    "HOUR":22,
    "2":37,
    "3":2,
    "5":20,
    "7":5,
    "10":0,
    "13":0,
    "16":0,
    "19":0,
    "21":0,
    "25":0,
    "30":0,
    "35":0,
    "40":0,
    "45":0,
    "50":0,
    "55":0,
    "60":"0",
    "65":"0",
    "70":"0",
    "UN":0
  },
  {
    "DAY":"2010-05-14",
    "HOUR":23,
    "2":13,
    "3":8,
    "5":7,
    "7":2,
    "10":0,
    "13":0,
    "16":0,
    "19":0,
    "21":0,
    "25":0,
    "30":0,
    "35":0,
    "40":0,
    "45":0,
    "50":0,
    "55":0,
    "60":"0",
    "65":"0",
    "70":"0",
    "UN":0
  },
  {
    "DAY":"2010-05-15",
    "HOUR":0,
    "2":265,
    "3":32,
    "5":40,
    "7":23,
    "10":15,
    "13":21,
    "16":5,
    "19":9,
    "21":5,
    "25":10,
    "30":0,
    "35":0,
    "40":0,
    "45":0,
    "50":0,
    "55":0,
    "60":"0",
    "65":"0",
    "70":"0",
    "UN":0
  },
  {
    "DAY":"2010-05-15",
    "HOUR":2,
    "2":107,
    "3":29,
    "5":25,
    "7":13,
    "10":9,
    "13":0,
    "16":0,
    "19":0,
    "21":0,
    "25":0,
    "30":0,
    "35":0,
    "40":0,
    "45":0,
    "50":0,
    "55":0,
    "60":"0",
    "65":"0",
    "70":"0",
    "UN":0
  },
  {
    "DAY":"2010-05-15",
    "HOUR":3,
    "2":186,
    "3":13,
    "5":37,
    "7":10,
    "10":7,
    "13":0,
    "16":0,
    "19":0,
    "21":0,
    "25":0,
    "30":0,
    "35":0,
    "40":0,
    "45":0,
    "50":0,
    "55":0,
    "60":"0",
    "65":"0",
    "70":"0",
    "UN":0
  },
  {
    "DAY":"2010-05-15",
    "HOUR":4,
    "2":386,
    "3":33,
    "5":65,
    "7":57,
    "10":29,
    "13":13,
    "16":8,
    "19":5,
    "21":3,
    "25":13,
    "30":12,
    "35":0,
    "40":0,
    "45":0,
    "50":0,
    "55":0,
    "60":"0",
    "65":"0",
    "70":"0",
    "UN":0
  },
  {
    "DAY":"2010-05-15",
    "HOUR":5,
    "2":47,
    "3":8,
    "5":24,
    "7":0,
    "10":0,
    "13":0,
    "16":0,
    "19":0,
    "21":0,
    "25":0,
    "30":0,
    "35":0,
    "40":0,
    "45":0,
    "50":0,
    "55":0,
    "60":"0",
    "65":"0",
    "70":"0",
    "UN":0
  },
  {
    "DAY":"2010-05-15",
    "HOUR":6,
    "2":218,
    "3":9,
    "5":33,
    "7":14,
    "10":15,
    "13":5,
    "16":0,
    "19":0,
    "21":0,
    "25":0,
    "30":0,
    "35":0,
    "40":0,
    "45":0,
    "50":0,
    "55":0,
    "60":"0",
    "65":"0",
    "70":"0",
    "UN":0
  },
  {
    "DAY":"2010-05-15",
    "HOUR":7,
    "2":94,
    "3":17,
    "5":18,
    "7":0,
    "10":5,
    "13":3,
    "16":0,
    "19":0,
    "21":0,
    "25":0,
    "30":0,
    "35":0,
    "40":0,
    "45":0,
    "50":0,
    "55":0,
    "60":"0",
    "65":"0",
    "70":"0",
    "UN":0
  },
  {
    "DAY":"2010-05-15",
    "HOUR":8,
    "2":544,
    "3":28,
    "5":26,
    "7":18,
    "10":4,
    "13":0,
    "16":0,
    "19":0,
    "21":0,
    "25":0,
    "30":0,
    "35":0,
    "40":0,
    "45":0,
    "50":0,
    "55":0,
    "60":"0",
    "65":"0",
    "70":"0",
    "UN":0
  },
  {
    "DAY":"2010-05-15",
    "HOUR":9,
    "2":328,
    "3":10,
    "5":25,
    "7":22,
    "10":19,
    "13":16,
    "16":0,
    "19":0,
    "21":0,
    "25":0,
    "30":0,
    "35":0,
    "40":0,
    "45":0,
    "50":0,
    "55":0,
    "60":"0",
    "65":"0",
    "70":"0",
    "UN":0
  },
  {
    "DAY":"2010-05-15",
    "HOUR":10,
    "2":319,
    "3":27,
    "5":30,
    "7":32,
    "10":0,
    "13":0,
    "16":0,
    "19":0,
    "21":0,
    "25":0,
    "30":0,
    "35":0,
    "40":0,
    "45":0,
    "50":0,
    "55":0,
    "60":"0",
    "65":"0",
    "70":"0",
    "UN":0
  },
  {
    "DAY":"2010-05-15",
    "HOUR":11,
    "2":49,
    "3":6,
    "5":30,
    "7":2,
    "10":0,
    "13":0,
    "16":0,
    "19":0,
    "21":0,
    "25":0,
    "30":0,
    "35":0,
    "40":0,
    "45":0,
    "50":0,
    "55":0,
    "60":"0",
    "65":"0",
    "70":"0",
    "UN":0
  },
  {
    "DAY":"2010-05-15",
    "HOUR":12,
    "2":41,
    "3":8,
    "5":12,
    "7":2,
    "10":6,
    "13":7,
    "16":0,
    "19":0,
    "21":0,
    "25":0,
    "30":0,
    "35":0,
    "40":0,
    "45":0,
    "50":0,
    "55":0,
    "60":"0",
    "65":"0",
    "70":"0",
    "UN":0
  },
  {
    "DAY":"2010-05-15",
    "HOUR":13,
    "2":299,
    "3":14,
    "5":55,
    "7":24,
    "10":7,
    "13":8,
    "16":6,
    "19":3,
    "21":4,
    "25":8,
    "30":0,
    "35":0,
    "40":0,
    "45":0,
    "50":0,
    "55":0,
    "60":"0",
    "65":"0",
    "70":"0",
    "UN":0
  },
  {
    "DAY":"2010-05-15",
    "HOUR":14,
    "2":124,
    "3":5,
    "5":20,
    "7":12,
    "10":7,
    "13":8,
    "16":23,
    "19":6,
    "21":0,
    "25":0,
    "30":0,
    "35":0,
    "40":0,
    "45":0,
    "50":0,
    "55":0,
    "60":"0",
    "65":"0",
    "70":"0",
    "UN":0
  },
  {
    "DAY":"2010-05-15",
    "HOUR":15,
    "2":160,
    "3":22,
    "5":27,
    "7":1,
    "10":6,
    "13":5,
    "16":0,
    "19":0,
    "21":0,
    "25":0,
    "30":0,
    "35":0,
    "40":0,
    "45":0,
    "50":0,
    "55":0,
    "60":"0",
    "65":"0",
    "70":"0",
    "UN":0
  },
  {
    "DAY":"2010-05-15",
    "HOUR":16,
    "2":71,
    "3":15,
    "5":12,
    "7":9,
    "10":3,
    "13":0,
    "16":0,
    "19":0,
    "21":0,
    "25":0,
    "30":0,
    "35":0,
    "40":0,
    "45":0,
    "50":0,
    "55":0,
    "60":"0",
    "65":"0",
    "70":"0",
    "UN":0
  },
  {
    "DAY":"2010-05-15",
    "HOUR":17,
    "2":37,
    "3":5,
    "5":20,
    "7":3,
    "10":0,
    "13":0,
    "16":0,
    "19":0,
    "21":0,
    "25":0,
    "30":0,
    "35":0,
    "40":0,
    "45":0,
    "50":0,
    "55":0,
    "60":"0",
    "65":"0",
    "70":"0",
    "UN":0
  },
  {
    "DAY":"2010-05-15",
    "HOUR":18,
    "2":42,
    "3":10,
    "5":28,
    "7":10,
    "10":0,
    "13":0,
    "16":0,
    "19":0,
    "21":0,
    "25":0,
    "30":0,
    "35":0,
    "40":0,
    "45":0,
    "50":0,
    "55":0,
    "60":"0",
    "65":"0",
    "70":"0",
    "UN":0
  },
  {
    "DAY":"2010-05-15",
    "HOUR":19,
    "2":15,
    "3":4,
    "5":5,
    "7":0,
    "10":0,
    "13":0,
    "16":0,
    "19":0,
    "21":0,
    "25":0,
    "30":0,
    "35":0,
    "40":0,
    "45":0,
    "50":0,
    "55":0,
    "60":"0",
    "65":"0",
    "70":"0",
    "UN":0
  },
  {
    "DAY":"2010-05-15",
    "HOUR":20,
    "2":647,
    "3":44,
    "5":84,
    "7":24,
    "10":16,
    "13":4,
    "16":7,
    "19":3,
    "21":1,
    "25":3,
    "30":9,
    "35":0,
    "40":0,
    "45":0,
    "50":0,
    "55":0,
    "60":"0",
    "65":"0",
    "70":"0",
    "UN":0
  },
  {
    "DAY":"2010-05-15",
    "HOUR":21,
    "2":224,
    "3":13,
    "5":53,
    "7":36,
    "10":45,
    "13":7,
    "16":6,
    "19":0,
    "21":0,
    "25":0,
    "30":0,
    "35":0,
    "40":0,
    "45":0,
    "50":0,
    "55":0,
    "60":"0",
    "65":"0",
    "70":"0",
    "UN":0
  },
  {
    "DAY":"2010-05-15",
    "HOUR":23,
    "2":124,
    "3":2,
    "5":13,
    "7":12,
    "10":8,
    "13":10,
    "16":6,
    "19":0,
    "21":0,
    "25":0,
    "30":0,
    "35":0,
    "40":0,
    "45":0,
    "50":0,
    "55":0,
    "60":"0",
    "65":"0",
    "70":"0",
    "UN":0
  },
  {
    "DAY":"2010-05-16",
    "HOUR":0,
    "2":54,
    "3":21,
    "5":27,
    "7":0,
    "10":0,
    "13":0,
    "16":0,
    "19":0,
    "21":0,
    "25":0,
    "30":0,
    "35":0,
    "40":0,
    "45":0,
    "50":0,
    "55":0,
    "60":"0",
    "65":"0",
    "70":"0",
    "UN":0
  },
  {
    "DAY":"2010-05-16",
    "HOUR":1,
    "2":235,
    "3":1,
    "5":8,
    "7":11,
    "10":11,
    "13":0,
    "16":0,
    "19":0,
    "21":0,
    "25":0,
    "30":0,
    "35":0,
    "40":0,
    "45":0,
    "50":0,
    "55":0,
    "60":"0",
    "65":"0",
    "70":"0",
    "UN":0
  },
  {
    "DAY":"2010-05-16",
    "HOUR":2,
    "2":227,
    "3":13,
    "5":17,
    "7":0,
    "10":0,
    "13":0,
    "16":0,
    "19":0,
    "21":0,
    "25":0,
    "30":0,
    "35":0,
    "40":0,
    "45":0,
    "50":0,
    "55":0,
    "60":"0",
    "65":"0",
    "70":"0",
    "UN":0
  },
  {
    "DAY":"2010-05-16",
    "HOUR":3,
    "2":122,
    "3":23,
    "5":43,
    "7":15,
    "10":4,
    "13":0,
    "16":0,
    "19":0,
    "21":0,
    "25":0,
    "30":0,
    "35":0,
    "40":0,
    "45":0,
    "50":0,
    "55":0,
    "60":"0",
    "65":"0",
    "70":"0",
    "UN":0
  },
  {
    "DAY":"2010-05-16",
    "HOUR":4,
    "2":75,
    "3":14,
    "5":35,
    "7":8,
    "10":8,
    "13":3,
    "16":0,
    "19":0,
    "21":0,
    "25":0,
    "30":0,
    "35":0,
    "40":0,
    "45":0,
    "50":0,
    "55":0,
    "60":"0",
    "65":"0",
    "70":"0",
    "UN":0
  },
  {
    "DAY":"2010-05-16",
    "HOUR":5,
    "2":223,
    "3":30,
    "5":60,
    "7":27,
    "10":24,
    "13":9,
    "16":0,
    "19":0,
    "21":0,
    "25":0,
    "30":0,
    "35":0,
    "40":0,
    "45":0,
    "50":0,
    "55":0,
    "60":"0",
    "65":"0",
    "70":"0",
    "UN":0
  },
  {
    "DAY":"2010-05-16",
    "HOUR":6,
    "2":467,
    "3":30,
    "5":58,
    "7":45,
    "10":13,
    "13":15,
    "16":14,
    "19":18,
    "21":10,
    "25":18,
    "30":4,
    "35":1,
    "40":0,
    "45":0,
    "50":0,
    "55":0,
    "60":"0",
    "65":"0",
    "70":"0",
    "UN":0
  },
  {
    "DAY":"2010-05-16",
    "HOUR":7,
    "2":835,
    "3":54,
    "5":110,
    "7":41,
    "10":50,
    "13":42,
    "16":38,
    "19":29,
    "21":7,
    "25":6,
    "30":5,
    "35":0,
    "40":0,
    "45":0,
    "50":0,
    "55":0,
    "60":"0",
    "65":"0",
    "70":"0",
    "UN":0
  },
  {
    "DAY":"2010-05-16",
    "HOUR":8,
    "2":872,
    "3":58,
    "5":118,
    "7":62,
    "10":75,
    "13":38,
    "16":26,
    "19":13,
    "21":8,
    "25":4,
    "30":7,
    "35":9,
    "40":8,
    "45":5,
    "50":8,
    "55":2,
    "60":"1",
    "65":"0",
    "70":"1",
    "UN":9
  },
  {
    "DAY":"2010-05-16",
    "HOUR":9,
    "2":11,
    "3":1,
    "5":6,
    "7":0,
    "10":0,
    "13":0,
    "16":0,
    "19":0,
    "21":0,
    "25":0,
    "30":0,
    "35":0,
    "40":0,
    "45":0,
    "50":0,
    "55":0,
    "60":"0",
    "65":"0",
    "70":"0",
    "UN":0
  },
  {
    "DAY":"2010-05-16",
    "HOUR":10,
    "2":21,
    "3":3,
    "5":11,
    "7":8,
    "10":2,
    "13":0,
    "16":0,
    "19":0,
    "21":0,
    "25":0,
    "30":0,
    "35":0,
    "40":0,
    "45":0,
    "50":0,
    "55":0,
    "60":"0",
    "65":"0",
    "70":"0",
    "UN":0
  },
  {
    "DAY":"2010-05-16",
    "HOUR":12,
    "2":183,
    "3":6,
    "5":1,
    "7":0,
    "10":0,
    "13":0,
    "16":0,
    "19":0,
    "21":0,
    "25":0,
    "30":0,
    "35":0,
    "40":0,
    "45":0,
    "50":0,
    "55":0,
    "60":"0",
    "65":"0",
    "70":"0",
    "UN":0
  },
  {
    "DAY":"2010-05-16",
    "HOUR":14,
    "2":117,
    "3":20,
    "5":59,
    "7":24,
    "10":5,
    "13":0,
    "16":0,
    "19":0,
    "21":0,
    "25":0,
    "30":0,
    "35":0,
    "40":0,
    "45":0,
    "50":0,
    "55":0,
    "60":"0",
    "65":"0",
    "70":"0",
    "UN":0
  },
  {
    "DAY":"2010-05-16",
    "HOUR":15,
    "2":282,
    "3":11,
    "5":48,
    "7":17,
    "10":10,
    "13":19,
    "16":0,
    "19":0,
    "21":0,
    "25":0,
    "30":0,
    "35":0,
    "40":0,
    "45":0,
    "50":0,
    "55":0,
    "60":"0",
    "65":"0",
    "70":"0",
    "UN":0
  },
  {
    "DAY":"2010-05-16",
    "HOUR":16,
    "2":23,
    "3":3,
    "5":12,
    "7":10,
    "10":0,
    "13":0,
    "16":0,
    "19":0,
    "21":0,
    "25":0,
    "30":0,
    "35":0,
    "40":0,
    "45":0,
    "50":0,
    "55":0,
    "60":"0",
    "65":"0",
    "70":"0",
    "UN":0
  },
  {
    "DAY":"2010-05-16",
    "HOUR":17,
    "2":154,
    "3":13,
    "5":47,
    "7":11,
    "10":0,
    "13":0,
    "16":0,
    "19":0,
    "21":0,
    "25":0,
    "30":0,
    "35":0,
    "40":0,
    "45":0,
    "50":0,
    "55":0,
    "60":"0",
    "65":"0",
    "70":"0",
    "UN":0
  },
  {
    "DAY":"2010-05-16",
    "HOUR":18,
    "2":371,
    "3":9,
    "5":60,
    "7":9,
    "10":19,
    "13":14,
    "16":11,
    "19":6,
    "21":0,
    "25":0,
    "30":0,
    "35":0,
    "40":0,
    "45":0,
    "50":0,
    "55":0,
    "60":"0",
    "65":"0",
    "70":"0",
    "UN":0
  },
  {
    "DAY":"2010-05-16",
    "HOUR":19,
    "2":22,
    "3":5,
    "5":11,
    "7":0,
    "10":0,
    "13":0,
    "16":0,
    "19":0,
    "21":0,
    "25":0,
    "30":0,
    "35":0,
    "40":0,
    "45":0,
    "50":0,
    "55":0,
    "60":"0",
    "65":"0",
    "70":"0",
    "UN":0
  },
  {
    "DAY":"2010-05-16",
    "HOUR":20,
    "2":326,
    "3":0,
    "5":4,
    "7":3,
    "10":6,
    "13":0,
    "16":0,
    "19":0,
    "21":0,
    "25":0,
    "30":0,
    "35":0,
    "40":0,
    "45":0,
    "50":0,
    "55":0,
    "60":"0",
    "65":"0",
    "70":"0",
    "UN":0
  },
  {
    "DAY":"2010-05-16",
    "HOUR":21,
    "2":29,
    "3":3,
    "5":11,
    "7":8,
    "10":0,
    "13":0,
    "16":0,
    "19":0,
    "21":0,
    "25":0,
    "30":0,
    "35":0,
    "40":0,
    "45":0,
    "50":0,
    "55":0,
    "60":"0",
    "65":"0",
    "70":"0",
    "UN":0
  },
  {
    "DAY":"2010-05-16",
    "HOUR":22,
    "2":73,
    "3":19,
    "5":22,
    "7":1,
    "10":4,
    "13":0,
    "16":0,
    "19":0,
    "21":0,
    "25":0,
    "30":0,
    "35":0,
    "40":0,
    "45":0,
    "50":0,
    "55":0,
    "60":"0",
    "65":"0",
    "70":"0",
    "UN":0
  },
  {
    "DAY":"2010-05-16",
    "HOUR":23,
    "2":266,
    "3":5,
    "5":13,
    "7":4,
    "10":4,
    "13":10,
    "16":0,
    "19":0,
    "21":0,
    "25":0,
    "30":0,
    "35":0,
    "40":0,
    "45":0,
    "50":0,
    "55":0,
    "60":"0",
    "65":"0",
    "70":"0",
    "UN":0
  },
  {
    "DAY":"2010-05-17",
    "HOUR":0,
    "2":448,
    "3":11,
    "5":38,
    "7":29,
    "10":4,
    "13":4,
    "16":5,
    "19":8,
    "21":3,
    "25":0,
    "30":0,
    "35":0,
    "40":0,
    "45":0,
    "50":0,
    "55":0,
    "60":"0",
    "65":"0",
    "70":"0",
    "UN":0
  },
  {
    "DAY":"2010-05-17",
    "HOUR":1,
    "2":9,
    "3":1,
    "5":5,
    "7":0,
    "10":0,
    "13":0,
    "16":0,
    "19":0,
    "21":0,
    "25":0,
    "30":0,
    "35":0,
    "40":0,
    "45":0,
    "50":0,
    "55":0,
    "60":"0",
    "65":"0",
    "70":"0",
    "UN":0
  },
  {
    "DAY":"2010-05-17",
    "HOUR":2,
    "2":39,
    "3":5,
    "5":22,
    "7":0,
    "10":0,
    "13":0,
    "16":0,
    "19":0,
    "21":0,
    "25":0,
    "30":0,
    "35":0,
    "40":0,
    "45":0,
    "50":0,
    "55":0,
    "60":"0",
    "65":"0",
    "70":"0",
    "UN":0
  },
  {
    "DAY":"2010-05-17",
    "HOUR":3,
    "2":96,
    "3":13,
    "5":24,
    "7":0,
    "10":0,
    "13":0,
    "16":0,
    "19":0,
    "21":0,
    "25":0,
    "30":0,
    "35":0,
    "40":0,
    "45":0,
    "50":0,
    "55":0,
    "60":"0",
    "65":"0",
    "70":"0",
    "UN":0
  },
  {
    "DAY":"2010-05-17",
    "HOUR":4,
    "2":109,
    "3":22,
    "5":29,
    "7":5,
    "10":0,
    "13":0,
    "16":0,
    "19":0,
    "21":0,
    "25":0,
    "30":0,
    "35":0,
    "40":0,
    "45":0,
    "50":0,
    "55":0,
    "60":"0",
    "65":"0",
    "70":"0",
    "UN":0
  },
  {
    "DAY":"2010-05-17",
    "HOUR":5,
    "2":246,
    "3":13,
    "5":38,
    "7":6,
    "10":15,
    "13":9,
    "16":15,
    "19":7,
    "21":0,
    "25":0,
    "30":0,
    "35":0,
    "40":0,
    "45":0,
    "50":0,
    "55":0,
    "60":"0",
    "65":"0",
    "70":"0",
    "UN":0
  },
  {
    "DAY":"2010-05-17",
    "HOUR":6,
    "2":81,
    "3":6,
    "5":16,
    "7":14,
    "10":11,
    "13":3,
    "16":0,
    "19":0,
    "21":0,
    "25":0,
    "30":0,
    "35":0,
    "40":0,
    "45":0,
    "50":0,
    "55":0,
    "60":"0",
    "65":"0",
    "70":"0",
    "UN":0
  },
  {
    "DAY":"2010-05-17",
    "HOUR":7,
    "2":59,
    "3":7,
    "5":26,
    "7":7,
    "10":8,
    "13":1,
    "16":0,
    "19":0,
    "21":0,
    "25":0,
    "30":0,
    "35":0,
    "40":0,
    "45":0,
    "50":0,
    "55":0,
    "60":"0",
    "65":"0",
    "70":"0",
    "UN":0
  },
  {
    "DAY":"2010-05-17",
    "HOUR":8,
    "2":420,
    "3":32,
    "5":92,
    "7":44,
    "10":27,
    "13":15,
    "16":13,
    "19":4,
    "21":0,
    "25":0,
    "30":0,
    "35":0,
    "40":0,
    "45":0,
    "50":0,
    "55":0,
    "60":"0",
    "65":"0",
    "70":"0",
    "UN":0
  },
  {
    "DAY":"2010-05-17",
    "HOUR":9,
    "2":305,
    "3":49,
    "5":49,
    "7":5,
    "10":7,
    "13":0,
    "16":0,
    "19":0,
    "21":0,
    "25":0,
    "30":0,
    "35":0,
    "40":0,
    "45":0,
    "50":0,
    "55":0,
    "60":"0",
    "65":"0",
    "70":"0",
    "UN":0
  },
  {
    "DAY":"2010-05-17",
    "HOUR":10,
    "2":234,
    "3":17,
    "5":49,
    "7":17,
    "10":18,
    "13":9,
    "16":0,
    "19":0,
    "21":0,
    "25":0,
    "30":0,
    "35":0,
    "40":0,
    "45":0,
    "50":0,
    "55":0,
    "60":"0",
    "65":"0",
    "70":"0",
    "UN":0
  },
  {
    "DAY":"2010-05-17",
    "HOUR":11,
    "2":245,
    "3":4,
    "5":34,
    "7":22,
    "10":15,
    "13":0,
    "16":0,
    "19":0,
    "21":0,
    "25":0,
    "30":0,
    "35":0,
    "40":0,
    "45":0,
    "50":0,
    "55":0,
    "60":"0",
    "65":"0",
    "70":"0",
    "UN":0
  },
  {
    "DAY":"2010-05-17",
    "HOUR":12,
    "2":309,
    "3":15,
    "5":38,
    "7":34,
    "10":35,
    "13":22,
    "16":19,
    "19":14,
    "21":0,
    "25":0,
    "30":0,
    "35":0,
    "40":0,
    "45":0,
    "50":0,
    "55":0,
    "60":"0",
    "65":"0",
    "70":"0",
    "UN":0
  },
  {
    "DAY":"2010-05-17",
    "HOUR":13,
    "2":23,
    "3":4,
    "5":12,
    "7":0,
    "10":0,
    "13":0,
    "16":0,
    "19":0,
    "21":0,
    "25":0,
    "30":0,
    "35":0,
    "40":0,
    "45":0,
    "50":0,
    "55":0,
    "60":"0",
    "65":"0",
    "70":"0",
    "UN":0
  },
  {
    "DAY":"2010-05-17",
    "HOUR":14,
    "2":146,
    "3":32,
    "5":51,
    "7":15,
    "10":2,
    "13":0,
    "16":0,
    "19":0,
    "21":0,
    "25":0,
    "30":0,
    "35":0,
    "40":0,
    "45":0,
    "50":0,
    "55":0,
    "60":"0",
    "65":"0",
    "70":"0",
    "UN":0
  },
  {
    "DAY":"2010-05-17",
    "HOUR":15,
    "2":166,
    "3":7,
    "5":38,
    "7":27,
    "10":16,
    "13":0,
    "16":0,
    "19":0,
    "21":0,
    "25":0,
    "30":0,
    "35":0,
    "40":0,
    "45":0,
    "50":0,
    "55":0,
    "60":"0",
    "65":"0",
    "70":"0",
    "UN":0
  },
  {
    "DAY":"2010-05-17",
    "HOUR":16,
    "2":19,
    "3":4,
    "5":11,
    "7":0,
    "10":0,
    "13":0,
    "16":0,
    "19":0,
    "21":0,
    "25":0,
    "30":0,
    "35":0,
    "40":0,
    "45":0,
    "50":0,
    "55":0,
    "60":"0",
    "65":"0",
    "70":"0",
    "UN":0
  },
  {
    "DAY":"2010-05-17",
    "HOUR":17,
    "2":53,
    "3":15,
    "5":24,
    "7":6,
    "10":0,
    "13":0,
    "16":0,
    "19":0,
    "21":0,
    "25":0,
    "30":0,
    "35":0,
    "40":0,
    "45":0,
    "50":0,
    "55":0,
    "60":"0",
    "65":"0",
    "70":"0",
    "UN":0
  },
  {
    "DAY":"2010-05-17",
    "HOUR":18,
    "2":53,
    "3":0,
    "5":9,
    "7":9,
    "10":0,
    "13":0,
    "16":0,
    "19":0,
    "21":0,
    "25":0,
    "30":0,
    "35":0,
    "40":0,
    "45":0,
    "50":0,
    "55":0,
    "60":"0",
    "65":"0",
    "70":"0",
    "UN":0
  },
  {
    "DAY":"2010-05-17",
    "HOUR":19,
    "2":55,
    "3":6,
    "5":28,
    "7":4,
    "10":0,
    "13":0,
    "16":0,
    "19":0,
    "21":0,
    "25":0,
    "30":0,
    "35":0,
    "40":0,
    "45":0,
    "50":0,
    "55":0,
    "60":"0",
    "65":"0",
    "70":"0",
    "UN":0
  },
  {
    "DAY":"2010-05-17",
    "HOUR":20,
    "2":364,
    "3":12,
    "5":19,
    "7":0,
    "10":0,
    "13":0,
    "16":0,
    "19":0,
    "21":0,
    "25":0,
    "30":0,
    "35":0,
    "40":0,
    "45":0,
    "50":0,
    "55":0,
    "60":"0",
    "65":"0",
    "70":"0",
    "UN":0
  },
  {
    "DAY":"2010-05-17",
    "HOUR":21,
    "2":614,
    "3":2,
    "5":0,
    "7":0,
    "10":0,
    "13":0,
    "16":0,
    "19":0,
    "21":0,
    "25":0,
    "30":0,
    "35":0,
    "40":0,
    "45":0,
    "50":0,
    "55":0,
    "60":"0",
    "65":"0",
    "70":"0",
    "UN":0
  },
  {
    "DAY":"2010-05-17",
    "HOUR":22,
    "2":30,
    "3":3,
    "5":17,
    "7":6,
    "10":0,
    "13":0,
    "16":0,
    "19":0,
    "21":0,
    "25":0,
    "30":0,
    "35":0,
    "40":0,
    "45":0,
    "50":0,
    "55":0,
    "60":"0",
    "65":"0",
    "70":"0",
    "UN":0
  },
  {
    "DAY":"2010-05-17",
    "HOUR":23,
    "2":326,
    "3":4,
    "5":12,
    "7":4,
    "10":7,
    "13":0,
    "16":0,
    "19":0,
    "21":0,
    "25":0,
    "30":0,
    "35":0,
    "40":0,
    "45":0,
    "50":0,
    "55":0,
    "60":"0",
    "65":"0",
    "70":"0",
    "UN":0
  },
  {
    "DAY":"2010-05-18",
    "HOUR":0,
    "2":211,
    "3":13,
    "5":39,
    "7":2,
    "10":1,
    "13":7,
    "16":0,
    "19":0,
    "21":0,
    "25":0,
    "30":0,
    "35":0,
    "40":0,
    "45":0,
    "50":0,
    "55":0,
    "60":"0",
    "65":"0",
    "70":"0",
    "UN":0
  },
  {
    "DAY":"2010-05-18",
    "HOUR":1,
    "2":132,
    "3":4,
    "5":34,
    "7":3,
    "10":0,
    "13":0,
    "16":0,
    "19":0,
    "21":0,
    "25":0,
    "30":0,
    "35":0,
    "40":0,
    "45":0,
    "50":0,
    "55":0,
    "60":"0",
    "65":"0",
    "70":"0",
    "UN":0
  },
  {
    "DAY":"2010-05-18",
    "HOUR":2,
    "2":94,
    "3":21,
    "5":44,
    "7":7,
    "10":0,
    "13":0,
    "16":0,
    "19":0,
    "21":0,
    "25":0,
    "30":0,
    "35":0,
    "40":0,
    "45":0,
    "50":0,
    "55":0,
    "60":"0",
    "65":"0",
    "70":"0",
    "UN":0
  },
  {
    "DAY":"2010-05-18",
    "HOUR":3,
    "2":175,
    "3":22,
    "5":68,
    "7":32,
    "10":34,
    "13":6,
    "16":0,
    "19":0,
    "21":0,
    "25":0,
    "30":0,
    "35":0,
    "40":0,
    "45":0,
    "50":0,
    "55":0,
    "60":"0",
    "65":"0",
    "70":"0",
    "UN":0
  },
  {
    "DAY":"2010-05-18",
    "HOUR":4,
    "2":76,
    "3":6,
    "5":33,
    "7":16,
    "10":7,
    "13":6,
    "16":5,
    "19":0,
    "21":0,
    "25":0,
    "30":0,
    "35":0,
    "40":0,
    "45":0,
    "50":0,
    "55":0,
    "60":"0",
    "65":"0",
    "70":"0",
    "UN":0
  },
  {
    "DAY":"2010-05-18",
    "HOUR":5,
    "2":355,
    "3":36,
    "5":101,
    "7":17,
    "10":12,
    "13":5,
    "16":5,
    "19":6,
    "21":4,
    "25":0,
    "30":0,
    "35":0,
    "40":0,
    "45":0,
    "50":0,
    "55":0,
    "60":"0",
    "65":"0",
    "70":"0",
    "UN":0
  },
  {
    "DAY":"2010-05-18",
    "HOUR":6,
    "2":8,
    "3":1,
    "5":5,
    "7":0,
    "10":0,
    "13":0,
    "16":0,
    "19":0,
    "21":0,
    "25":0,
    "30":0,
    "35":0,
    "40":0,
    "45":0,
    "50":0,
    "55":0,
    "60":"0",
    "65":"0",
    "70":"0",
    "UN":0
  },
  {
    "DAY":"2010-05-18",
    "HOUR":7,
    "2":120,
    "3":23,
    "5":15,
    "7":1,
    "10":8,
    "13":0,
    "16":0,
    "19":0,
    "21":0,
    "25":0,
    "30":0,
    "35":0,
    "40":0,
    "45":0,
    "50":0,
    "55":0,
    "60":"0",
    "65":"0",
    "70":"0",
    "UN":0
  },
  {
    "DAY":"2010-05-18",
    "HOUR":8,
    "2":320,
    "3":49,
    "5":60,
    "7":19,
    "10":16,
    "13":5,
    "16":12,
    "19":0,
    "21":0,
    "25":0,
    "30":0,
    "35":0,
    "40":0,
    "45":0,
    "50":0,
    "55":0,
    "60":"0",
    "65":"0",
    "70":"0",
    "UN":0
  },
  {
    "DAY":"2010-05-18",
    "HOUR":9,
    "2":43,
    "3":16,
    "5":11,
    "7":2,
    "10":0,
    "13":0,
    "16":0,
    "19":0,
    "21":0,
    "25":0,
    "30":0,
    "35":0,
    "40":0,
    "45":0,
    "50":0,
    "55":0,
    "60":"0",
    "65":"0",
    "70":"0",
    "UN":0
  },
  {
    "DAY":"2010-05-18",
    "HOUR":10,
    "2":156,
    "3":11,
    "5":42,
    "7":1,
    "10":0,
    "13":0,
    "16":0,
    "19":0,
    "21":0,
    "25":0,
    "30":0,
    "35":0,
    "40":0,
    "45":0,
    "50":0,
    "55":0,
    "60":"0",
    "65":"0",
    "70":"0",
    "UN":0
  },
  {
    "DAY":"2010-05-18",
    "HOUR":11,
    "2":322,
    "3":13,
    "5":53,
    "7":12,
    "10":18,
    "13":12,
    "16":10,
    "19":0,
    "21":0,
    "25":0,
    "30":0,
    "35":0,
    "40":0,
    "45":0,
    "50":0,
    "55":0,
    "60":"0",
    "65":"0",
    "70":"0",
    "UN":0
  },
  {
    "DAY":"2010-05-18",
    "HOUR":12,
    "2":302,
    "3":6,
    "5":48,
    "7":12,
    "10":18,
    "13":21,
    "16":8,
    "19":0,
    "21":0,
    "25":0,
    "30":0,
    "35":0,
    "40":0,
    "45":0,
    "50":0,
    "55":0,
    "60":"0",
    "65":"0",
    "70":"0",
    "UN":0
  },
  {
    "DAY":"2010-05-18",
    "HOUR":13,
    "2":89,
    "3":9,
    "5":35,
    "7":8,
    "10":0,
    "13":0,
    "16":0,
    "19":0,
    "21":0,
    "25":0,
    "30":0,
    "35":0,
    "40":0,
    "45":0,
    "50":0,
    "55":0,
    "60":"0",
    "65":"0",
    "70":"0",
    "UN":0
  },
  {
    "DAY":"2010-05-18",
    "HOUR":14,
    "2":844,
    "3":38,
    "5":85,
    "7":34,
    "10":43,
    "13":17,
    "16":4,
    "19":0,
    "21":0,
    "25":0,
    "30":0,
    "35":0,
    "40":0,
    "45":0,
    "50":0,
    "55":0,
    "60":"0",
    "65":"0",
    "70":"0",
    "UN":0
  },
  {
    "DAY":"2010-05-18",
    "HOUR":15,
    "2":307,
    "3":9,
    "5":69,
    "7":20,
    "10":11,
    "13":0,
    "16":0,
    "19":0,
    "21":0,
    "25":0,
    "30":0,
    "35":0,
    "40":0,
    "45":0,
    "50":0,
    "55":0,
    "60":"0",
    "65":"0",
    "70":"0",
    "UN":0
  },
  {
    "DAY":"2010-05-18",
    "HOUR":16,
    "2":119,
    "3":14,
    "5":59,
    "7":7,
    "10":0,
    "13":0,
    "16":0,
    "19":0,
    "21":0,
    "25":0,
    "30":0,
    "35":0,
    "40":0,
    "45":0,
    "50":0,
    "55":0,
    "60":"0",
    "65":"0",
    "70":"0",
    "UN":0
  },
  {
    "DAY":"2010-05-18",
    "HOUR":17,
    "2":119,
    "3":12,
    "5":26,
    "7":4,
    "10":0,
    "13":0,
    "16":0,
    "19":0,
    "21":0,
    "25":0,
    "30":0,
    "35":0,
    "40":0,
    "45":0,
    "50":0,
    "55":0,
    "60":"0",
    "65":"0",
    "70":"0",
    "UN":0
  },
  {
    "DAY":"2010-05-18",
    "HOUR":18,
    "2":226,
    "3":43,
    "5":36,
    "7":0,
    "10":0,
    "13":0,
    "16":0,
    "19":0,
    "21":0,
    "25":0,
    "30":0,
    "35":0,
    "40":0,
    "45":0,
    "50":0,
    "55":0,
    "60":"0",
    "65":"0",
    "70":"0",
    "UN":0
  },
  {
    "DAY":"2010-05-18",
    "HOUR":19,
    "2":80,
    "3":10,
    "5":22,
    "7":3,
    "10":2,
    "13":3,
    "16":0,
    "19":0,
    "21":0,
    "25":0,
    "30":0,
    "35":0,
    "40":0,
    "45":0,
    "50":0,
    "55":0,
    "60":"0",
    "65":"0",
    "70":"0",
    "UN":0
  },
  {
    "DAY":"2010-05-18",
    "HOUR":20,
    "2":101,
    "3":21,
    "5":10,
    "7":2,
    "10":0,
    "13":0,
    "16":0,
    "19":0,
    "21":0,
    "25":0,
    "30":0,
    "35":0,
    "40":0,
    "45":0,
    "50":0,
    "55":0,
    "60":"0",
    "65":"0",
    "70":"0",
    "UN":0
  },
  {
    "DAY":"2010-05-18",
    "HOUR":21,
    "2":186,
    "3":14,
    "5":75,
    "7":57,
    "10":21,
    "13":4,
    "16":2,
    "19":3,
    "21":0,
    "25":0,
    "30":0,
    "35":0,
    "40":0,
    "45":0,
    "50":0,
    "55":0,
    "60":"0",
    "65":"0",
    "70":"0",
    "UN":0
  },
  {
    "DAY":"2010-05-18",
    "HOUR":22,
    "2":70,
    "3":4,
    "5":27,
    "7":12,
    "10":0,
    "13":0,
    "16":0,
    "19":0,
    "21":0,
    "25":0,
    "30":0,
    "35":0,
    "40":0,
    "45":0,
    "50":0,
    "55":0,
    "60":"0",
    "65":"0",
    "70":"0",
    "UN":0
  },
  {
    "DAY":"2010-05-18",
    "HOUR":23,
    "2":99,
    "3":10,
    "5":44,
    "7":8,
    "10":12,
    "13":3,
    "16":0,
    "19":0,
    "21":0,
    "25":0,
    "30":0,
    "35":0,
    "40":0,
    "45":0,
    "50":0,
    "55":0,
    "60":"0",
    "65":"0",
    "70":"0",
    "UN":0
  },
  {
    "DAY":"2010-05-19",
    "HOUR":0,
    "2":39,
    "3":2,
    "5":22,
    "7":0,
    "10":0,
    "13":0,
    "16":0,
    "19":0,
    "21":0,
    "25":0,
    "30":0,
    "35":0,
    "40":0,
    "45":0,
    "50":0,
    "55":0,
    "60":"0",
    "65":"0",
    "70":"0",
    "UN":0
  },
  {
    "DAY":"2010-05-19",
    "HOUR":1,
    "2":57,
    "3":6,
    "5":27,
    "7":0,
    "10":0,
    "13":0,
    "16":0,
    "19":0,
    "21":0,
    "25":0,
    "30":0,
    "35":0,
    "40":0,
    "45":0,
    "50":0,
    "55":0,
    "60":"0",
    "65":"0",
    "70":"0",
    "UN":0
  },
  {
    "DAY":"2010-05-19",
    "HOUR":2,
    "2":52,
    "3":3,
    "5":16,
    "7":5,
    "10":0,
    "13":0,
    "16":0,
    "19":0,
    "21":0,
    "25":0,
    "30":0,
    "35":0,
    "40":0,
    "45":0,
    "50":0,
    "55":0,
    "60":"0",
    "65":"0",
    "70":"0",
    "UN":0
  },
  {
    "DAY":"2010-05-19",
    "HOUR":4,
    "2":28,
    "3":5,
    "5":14,
    "7":0,
    "10":0,
    "13":0,
    "16":0,
    "19":0,
    "21":0,
    "25":0,
    "30":0,
    "35":0,
    "40":0,
    "45":0,
    "50":0,
    "55":0,
    "60":"0",
    "65":"0",
    "70":"0",
    "UN":0
  },
  {
    "DAY":"2010-05-19",
    "HOUR":5,
    "2":77,
    "3":3,
    "5":41,
    "7":9,
    "10":4,
    "13":0,
    "16":0,
    "19":0,
    "21":0,
    "25":0,
    "30":0,
    "35":0,
    "40":0,
    "45":0,
    "50":0,
    "55":0,
    "60":"0",
    "65":"0",
    "70":"0",
    "UN":0
  },
  {
    "DAY":"2010-05-19",
    "HOUR":6,
    "2":28,
    "3":1,
    "5":13,
    "7":7,
    "10":0,
    "13":0,
    "16":0,
    "19":0,
    "21":0,
    "25":0,
    "30":0,
    "35":0,
    "40":0,
    "45":0,
    "50":0,
    "55":0,
    "60":"0",
    "65":"0",
    "70":"0",
    "UN":0
  },
  {
    "DAY":"2010-05-19",
    "HOUR":7,
    "2":163,
    "3":23,
    "5":28,
    "7":8,
    "10":8,
    "13":3,
    "16":2,
    "19":4,
    "21":5,
    "25":0,
    "30":0,
    "35":0,
    "40":0,
    "45":0,
    "50":0,
    "55":0,
    "60":"0",
    "65":"0",
    "70":"0",
    "UN":0
  },
  {
    "DAY":"2010-05-19",
    "HOUR":8,
    "2":144,
    "3":9,
    "5":17,
    "7":0,
    "10":0,
    "13":0,
    "16":0,
    "19":0,
    "21":0,
    "25":0,
    "30":0,
    "35":0,
    "40":0,
    "45":0,
    "50":0,
    "55":0,
    "60":"0",
    "65":"0",
    "70":"0",
    "UN":0
  },
  {
    "DAY":"2010-05-19",
    "HOUR":9,
    "2":47,
    "3":4,
    "5":21,
    "7":8,
    "10":1,
    "13":0,
    "16":0,
    "19":0,
    "21":0,
    "25":0,
    "30":0,
    "35":0,
    "40":0,
    "45":0,
    "50":0,
    "55":0,
    "60":"0",
    "65":"0",
    "70":"0",
    "UN":0
  },
  {
    "DAY":"2010-05-19",
    "HOUR":10,
    "2":18,
    "3":2,
    "5":8,
    "7":0,
    "10":0,
    "13":0,
    "16":0,
    "19":0,
    "21":0,
    "25":0,
    "30":0,
    "35":0,
    "40":0,
    "45":0,
    "50":0,
    "55":0,
    "60":"0",
    "65":"0",
    "70":"0",
    "UN":0
  },
  {
    "DAY":"2010-05-19",
    "HOUR":11,
    "2":155,
    "3":8,
    "5":37,
    "7":0,
    "10":0,
    "13":0,
    "16":0,
    "19":0,
    "21":0,
    "25":0,
    "30":0,
    "35":0,
    "40":0,
    "45":0,
    "50":0,
    "55":0,
    "60":"0",
    "65":"0",
    "70":"0",
    "UN":0
  },
  {
    "DAY":"2010-05-19",
    "HOUR":12,
    "2":362,
    "3":5,
    "5":23,
    "7":22,
    "10":29,
    "13":0,
    "16":0,
    "19":0,
    "21":0,
    "25":0,
    "30":0,
    "35":0,
    "40":0,
    "45":0,
    "50":0,
    "55":0,
    "60":"0",
    "65":"0",
    "70":"0",
    "UN":0
  },
  {
    "DAY":"2010-05-19",
    "HOUR":13,
    "2":37,
    "3":19,
    "5":10,
    "7":4,
    "10":0,
    "13":0,
    "16":0,
    "19":0,
    "21":0,
    "25":0,
    "30":0,
    "35":0,
    "40":0,
    "45":0,
    "50":0,
    "55":0,
    "60":"0",
    "65":"0",
    "70":"0",
    "UN":0
  },
  {
    "DAY":"2010-05-19",
    "HOUR":14,
    "2":76,
    "3":13,
    "5":15,
    "7":9,
    "10":4,
    "13":0,
    "16":0,
    "19":0,
    "21":0,
    "25":0,
    "30":0,
    "35":0,
    "40":0,
    "45":0,
    "50":0,
    "55":0,
    "60":"0",
    "65":"0",
    "70":"0",
    "UN":0
  },
  {
    "DAY":"2010-05-19",
    "HOUR":15,
    "2":122,
    "3":1,
    "5":19,
    "7":8,
    "10":2,
    "13":2,
    "16":5,
    "19":0,
    "21":0,
    "25":0,
    "30":0,
    "35":0,
    "40":0,
    "45":0,
    "50":0,
    "55":0,
    "60":"0",
    "65":"0",
    "70":"0",
    "UN":0
  },
  {
    "DAY":"2010-05-19",
    "HOUR":16,
    "2":80,
    "3":15,
    "5":27,
    "7":0,
    "10":0,
    "13":0,
    "16":0,
    "19":0,
    "21":0,
    "25":0,
    "30":0,
    "35":0,
    "40":0,
    "45":0,
    "50":0,
    "55":0,
    "60":"0",
    "65":"0",
    "70":"0",
    "UN":0
  },
  {
    "DAY":"2010-05-19",
    "HOUR":17,
    "2":176,
    "3":13,
    "5":42,
    "7":0,
    "10":0,
    "13":0,
    "16":0,
    "19":0,
    "21":0,
    "25":0,
    "30":0,
    "35":0,
    "40":0,
    "45":0,
    "50":0,
    "55":0,
    "60":"0",
    "65":"0",
    "70":"0",
    "UN":0
  },
  {
    "DAY":"2010-05-19",
    "HOUR":18,
    "2":106,
    "3":5,
    "5":25,
    "7":2,
    "10":5,
    "13":0,
    "16":0,
    "19":0,
    "21":0,
    "25":0,
    "30":0,
    "35":0,
    "40":0,
    "45":0,
    "50":0,
    "55":0,
    "60":"0",
    "65":"0",
    "70":"0",
    "UN":0
  },
  {
    "DAY":"2010-05-19",
    "HOUR":19,
    "2":44,
    "3":1,
    "5":10,
    "7":6,
    "10":0,
    "13":0,
    "16":0,
    "19":0,
    "21":0,
    "25":0,
    "30":0,
    "35":0,
    "40":0,
    "45":0,
    "50":0,
    "55":0,
    "60":"0",
    "65":"0",
    "70":"0",
    "UN":0
  },
  {
    "DAY":"2010-05-19",
    "HOUR":20,
    "2":64,
    "3":8,
    "5":9,
    "7":0,
    "10":0,
    "13":0,
    "16":0,
    "19":0,
    "21":0,
    "25":0,
    "30":0,
    "35":0,
    "40":0,
    "45":0,
    "50":0,
    "55":0,
    "60":"0",
    "65":"0",
    "70":"0",
    "UN":0
  },
  {
    "DAY":"2010-05-19",
    "HOUR":21,
    "2":99,
    "3":9,
    "5":35,
    "7":5,
    "10":6,
    "13":0,
    "16":0,
    "19":0,
    "21":0,
    "25":0,
    "30":0,
    "35":0,
    "40":0,
    "45":0,
    "50":0,
    "55":0,
    "60":"0",
    "65":"0",
    "70":"0",
    "UN":0
  },
  {
    "DAY":"2010-05-19",
    "HOUR":22,
    "2":57,
    "3":14,
    "5":29,
    "7":13,
    "10":0,
    "13":0,
    "16":0,
    "19":0,
    "21":0,
    "25":0,
    "30":0,
    "35":0,
    "40":0,
    "45":0,
    "50":0,
    "55":0,
    "60":"0",
    "65":"0",
    "70":"0",
    "UN":0
  },
  {
    "DAY":"2010-05-19",
    "HOUR":23,
    "2":209,
    "3":19,
    "5":45,
    "7":1,
    "10":0,
    "13":0,
    "16":0,
    "19":0,
    "21":0,
    "25":0,
    "30":0,
    "35":0,
    "40":0,
    "45":0,
    "50":0,
    "55":0,
    "60":"0",
    "65":"0",
    "70":"0",
    "UN":0
  },
  {
    "DAY":"2010-05-20",
    "HOUR":0,
    "2":275,
    "3":19,
    "5":21,
    "7":22,
    "10":27,
    "13":13,
    "16":4,
    "19":3,
    "21":1,
    "25":3,
    "30":5,
    "35":0,
    "40":0,
    "45":0,
    "50":0,
    "55":0,
    "60":"0",
    "65":"0",
    "70":"0",
    "UN":0
  },
  {
    "DAY":"2010-05-20",
    "HOUR":1,
    "2":405,
    "3":43,
    "5":76,
    "7":14,
    "10":22,
    "13":16,
    "16":11,
    "19":10,
    "21":10,
    "25":9,
    "30":0,
    "35":0,
    "40":0,
    "45":0,
    "50":0,
    "55":0,
    "60":"0",
    "65":"0",
    "70":"0",
    "UN":0
  },
  {
    "DAY":"2010-05-20",
    "HOUR":2,
    "2":295,
    "3":16,
    "5":24,
    "7":2,
    "10":5,
    "13":5,
    "16":3,
    "19":0,
    "21":0,
    "25":0,
    "30":0,
    "35":0,
    "40":0,
    "45":0,
    "50":0,
    "55":0,
    "60":"0",
    "65":"0",
    "70":"0",
    "UN":0
  },
  {
    "DAY":"2010-05-20",
    "HOUR":3,
    "2":107,
    "3":12,
    "5":27,
    "7":3,
    "10":6,
    "13":0,
    "16":0,
    "19":0,
    "21":0,
    "25":0,
    "30":0,
    "35":0,
    "40":0,
    "45":0,
    "50":0,
    "55":0,
    "60":"0",
    "65":"0",
    "70":"0",
    "UN":0
  },
  {
    "DAY":"2010-05-20",
    "HOUR":4,
    "2":38,
    "3":12,
    "5":19,
    "7":0,
    "10":0,
    "13":0,
    "16":0,
    "19":0,
    "21":0,
    "25":0,
    "30":0,
    "35":0,
    "40":0,
    "45":0,
    "50":0,
    "55":0,
    "60":"0",
    "65":"0",
    "70":"0",
    "UN":0
  },
  {
    "DAY":"2010-05-20",
    "HOUR":5,
    "2":760,
    "3":60,
    "5":110,
    "7":39,
    "10":26,
    "13":0,
    "16":0,
    "19":0,
    "21":0,
    "25":0,
    "30":0,
    "35":0,
    "40":0,
    "45":0,
    "50":0,
    "55":0,
    "60":"0",
    "65":"0",
    "70":"0",
    "UN":0
  },
  {
    "DAY":"2010-05-20",
    "HOUR":6,
    "2":1115,
    "3":121,
    "5":161,
    "7":62,
    "10":0,
    "13":0,
    "16":0,
    "19":0,
    "21":0,
    "25":0,
    "30":0,
    "35":0,
    "40":0,
    "45":0,
    "50":0,
    "55":0,
    "60":"0",
    "65":"0",
    "70":"0",
    "UN":0
  },
  {
    "DAY":"2010-05-20",
    "HOUR":7,
    "2":632,
    "3":48,
    "5":79,
    "7":41,
    "10":11,
    "13":19,
    "16":8,
    "19":2,
    "21":0,
    "25":0,
    "30":0,
    "35":0,
    "40":0,
    "45":0,
    "50":0,
    "55":0,
    "60":"0",
    "65":"0",
    "70":"0",
    "UN":0
  },
  {
    "DAY":"2010-05-20",
    "HOUR":8,
    "2":834,
    "3":69,
    "5":104,
    "7":50,
    "10":27,
    "13":3,
    "16":3,
    "19":5,
    "21":4,
    "25":3,
    "30":0,
    "35":0,
    "40":0,
    "45":0,
    "50":0,
    "55":0,
    "60":"0",
    "65":"0",
    "70":"0",
    "UN":0
  },
  {
    "DAY":"2010-05-20",
    "HOUR":9,
    "2":124,
    "3":21,
    "5":47,
    "7":9,
    "10":0,
    "13":0,
    "16":0,
    "19":0,
    "21":0,
    "25":0,
    "30":0,
    "35":0,
    "40":0,
    "45":0,
    "50":0,
    "55":0,
    "60":"0",
    "65":"0",
    "70":"0",
    "UN":0
  },
  {
    "DAY":"2010-05-20",
    "HOUR":10,
    "2":9,
    "3":3,
    "5":3,
    "7":0,
    "10":0,
    "13":0,
    "16":0,
    "19":0,
    "21":0,
    "25":0,
    "30":0,
    "35":0,
    "40":0,
    "45":0,
    "50":0,
    "55":0,
    "60":"0",
    "65":"0",
    "70":"0",
    "UN":0
  },
  {
    "DAY":"2010-05-20",
    "HOUR":11,
    "2":887,
    "3":50,
    "5":103,
    "7":39,
    "10":48,
    "13":38,
    "16":11,
    "19":0,
    "21":0,
    "25":0,
    "30":0,
    "35":0,
    "40":0,
    "45":0,
    "50":0,
    "55":0,
    "60":"0",
    "65":"0",
    "70":"0",
    "UN":0
  },
  {
    "DAY":"2010-05-20",
    "HOUR":12,
    "2":391,
    "3":35,
    "5":70,
    "7":31,
    "10":18,
    "13":26,
    "16":21,
    "19":0,
    "21":1,
    "25":0,
    "30":3,
    "35":5,
    "40":3,
    "45":3,
    "50":3,
    "55":0,
    "60":"0",
    "65":"0",
    "70":"0",
    "UN":0
  },
  {
    "DAY":"2010-05-20",
    "HOUR":14,
    "2":40,
    "3":6,
    "5":19,
    "7":4,
    "10":11,
    "13":0,
    "16":4,
    "19":0,
    "21":0,
    "25":0,
    "30":0,
    "35":0,
    "40":0,
    "45":0,
    "50":0,
    "55":0,
    "60":"0",
    "65":"0",
    "70":"0",
    "UN":0
  },
  {
    "DAY":"2010-05-20",
    "HOUR":15,
    "2":278,
    "3":2,
    "5":14,
    "7":0,
    "10":0,
    "13":0,
    "16":0,
    "19":0,
    "21":0,
    "25":0,
    "30":0,
    "35":0,
    "40":0,
    "45":0,
    "50":0,
    "55":0,
    "60":"0",
    "65":"0",
    "70":"0",
    "UN":0
  },
  {
    "DAY":"2010-05-20",
    "HOUR":16,
    "2":10,
    "3":0,
    "5":5,
    "7":6,
    "10":0,
    "13":0,
    "16":0,
    "19":0,
    "21":0,
    "25":0,
    "30":0,
    "35":0,
    "40":0,
    "45":0,
    "50":0,
    "55":0,
    "60":"0",
    "65":"0",
    "70":"0",
    "UN":0
  },
  {
    "DAY":"2010-05-20",
    "HOUR":17,
    "2":31,
    "3":3,
    "5":12,
    "7":5,
    "10":3,
    "13":0,
    "16":0,
    "19":0,
    "21":0,
    "25":0,
    "30":0,
    "35":0,
    "40":0,
    "45":0,
    "50":0,
    "55":0,
    "60":"0",
    "65":"0",
    "70":"0",
    "UN":0
  },
  {
    "DAY":"2010-05-20",
    "HOUR":18,
    "2":9,
    "3":0,
    "5":5,
    "7":0,
    "10":0,
    "13":0,
    "16":0,
    "19":0,
    "21":0,
    "25":0,
    "30":0,
    "35":0,
    "40":0,
    "45":0,
    "50":0,
    "55":0,
    "60":"0",
    "65":"0",
    "70":"0",
    "UN":0
  },
  {
    "DAY":"2010-05-20",
    "HOUR":20,
    "2":127,
    "3":3,
    "5":9,
    "7":0,
    "10":0,
    "13":0,
    "16":0,
    "19":0,
    "21":0,
    "25":0,
    "30":0,
    "35":0,
    "40":0,
    "45":0,
    "50":0,
    "55":0,
    "60":"0",
    "65":"0",
    "70":"0",
    "UN":0
  },
  {
    "DAY":"2010-05-20",
    "HOUR":21,
    "2":10,
    "3":1,
    "5":6,
    "7":0,
    "10":0,
    "13":0,
    "16":0,
    "19":0,
    "21":0,
    "25":0,
    "30":0,
    "35":0,
    "40":0,
    "45":0,
    "50":0,
    "55":0,
    "60":"0",
    "65":"0",
    "70":"0",
    "UN":0
  },
  {
    "DAY":"2010-05-20",
    "HOUR":22,
    "2":12,
    "3":1,
    "5":5,
    "7":5,
    "10":7,
    "13":0,
    "16":0,
    "19":0,
    "21":0,
    "25":0,
    "30":0,
    "35":0,
    "40":0,
    "45":0,
    "50":0,
    "55":0,
    "60":"0",
    "65":"0",
    "70":"0",
    "UN":0
  },
  {
    "DAY":"2010-05-20",
    "HOUR":23,
    "2":38,
    "3":5,
    "5":15,
    "7":4,
    "10":13,
    "13":0,
    "16":0,
    "19":0,
    "21":0,
    "25":0,
    "30":0,
    "35":0,
    "40":0,
    "45":0,
    "50":0,
    "55":0,
    "60":"0",
    "65":"0",
    "70":"0",
    "UN":0
  },
  {
    "DAY":"2010-05-21",
    "HOUR":0,
    "2":366,
    "3":13,
    "5":45,
    "7":27,
    "10":10,
    "13":12,
    "16":9,
    "19":10,
    "21":7,
    "25":2,
    "30":4,
    "35":0,
    "40":0,
    "45":0,
    "50":0,
    "55":0,
    "60":"0",
    "65":"0",
    "70":"0",
    "UN":0
  },
  {
    "DAY":"2010-05-21",
    "HOUR":1,
    "2":138,
    "3":9,
    "5":43,
    "7":9,
    "10":13,
    "13":5,
    "16":0,
    "19":3,
    "21":3,
    "25":4,
    "30":0,
    "35":0,
    "40":0,
    "45":0,
    "50":0,
    "55":0,
    "60":"0",
    "65":"0",
    "70":"0",
    "UN":0
  },
  {
    "DAY":"2010-05-21",
    "HOUR":2,
    "2":98,
    "3":8,
    "5":34,
    "7":20,
    "10":4,
    "13":9,
    "16":2,
    "19":0,
    "21":0,
    "25":0,
    "30":0,
    "35":0,
    "40":0,
    "45":0,
    "50":0,
    "55":0,
    "60":"0",
    "65":"0",
    "70":"0",
    "UN":0
  },
  {
    "DAY":"2010-05-21",
    "HOUR":3,
    "2":68,
    "3":21,
    "5":34,
    "7":5,
    "10":11,
    "13":0,
    "16":0,
    "19":0,
    "21":0,
    "25":0,
    "30":0,
    "35":0,
    "40":0,
    "45":0,
    "50":0,
    "55":0,
    "60":"0",
    "65":"0",
    "70":"0",
    "UN":0
  },
  {
    "DAY":"2010-05-21",
    "HOUR":4,
    "2":126,
    "3":9,
    "5":19,
    "7":25,
    "10":13,
    "13":7,
    "16":7,
    "19":3,
    "21":0,
    "25":0,
    "30":0,
    "35":0,
    "40":0,
    "45":0,
    "50":0,
    "55":0,
    "60":"0",
    "65":"0",
    "70":"0",
    "UN":0
  },
  {
    "DAY":"2010-05-21",
    "HOUR":5,
    "2":63,
    "3":22,
    "5":39,
    "7":22,
    "10":4,
    "13":0,
    "16":0,
    "19":0,
    "21":0,
    "25":0,
    "30":0,
    "35":0,
    "40":0,
    "45":0,
    "50":0,
    "55":0,
    "60":"0",
    "65":"0",
    "70":"0",
    "UN":0
  },
  {
    "DAY":"2010-05-21",
    "HOUR":6,
    "2":88,
    "3":23,
    "5":21,
    "7":0,
    "10":0,
    "13":0,
    "16":0,
    "19":0,
    "21":0,
    "25":0,
    "30":0,
    "35":0,
    "40":0,
    "45":0,
    "50":0,
    "55":0,
    "60":"0",
    "65":"0",
    "70":"0",
    "UN":0
  },
  {
    "DAY":"2010-05-21",
    "HOUR":7,
    "2":86,
    "3":5,
    "5":34,
    "7":7,
    "10":0,
    "13":0,
    "16":0,
    "19":0,
    "21":0,
    "25":0,
    "30":0,
    "35":0,
    "40":0,
    "45":0,
    "50":0,
    "55":0,
    "60":"0",
    "65":"0",
    "70":"0",
    "UN":0
  },
  {
    "DAY":"2010-05-21",
    "HOUR":8,
    "2":125,
    "3":6,
    "5":11,
    "7":10,
    "10":0,
    "13":0,
    "16":0,
    "19":0,
    "21":0,
    "25":0,
    "30":0,
    "35":0,
    "40":0,
    "45":0,
    "50":0,
    "55":0,
    "60":"0",
    "65":"0",
    "70":"0",
    "UN":0
  },
  {
    "DAY":"2010-05-21",
    "HOUR":9,
    "2":52,
    "3":1,
    "5":4,
    "7":0,
    "10":0,
    "13":0,
    "16":0,
    "19":0,
    "21":0,
    "25":0,
    "30":0,
    "35":0,
    "40":0,
    "45":0,
    "50":0,
    "55":0,
    "60":"0",
    "65":"0",
    "70":"0",
    "UN":0
  },
  {
    "DAY":"2010-05-21",
    "HOUR":10,
    "2":81,
    "3":1,
    "5":12,
    "7":7,
    "10":3,
    "13":0,
    "16":0,
    "19":0,
    "21":0,
    "25":0,
    "30":0,
    "35":0,
    "40":0,
    "45":0,
    "50":0,
    "55":0,
    "60":"0",
    "65":"0",
    "70":"0",
    "UN":0
  },
  {
    "DAY":"2010-05-21",
    "HOUR":11,
    "2":36,
    "3":5,
    "5":22,
    "7":1,
    "10":5,
    "13":0,
    "16":0,
    "19":0,
    "21":0,
    "25":0,
    "30":0,
    "35":0,
    "40":0,
    "45":0,
    "50":0,
    "55":0,
    "60":"0",
    "65":"0",
    "70":"0",
    "UN":0
  },
  {
    "DAY":"2010-05-21",
    "HOUR":13,
    "2":10,
    "3":0,
    "5":3,
    "7":0,
    "10":0,
    "13":0,
    "16":0,
    "19":0,
    "21":0,
    "25":0,
    "30":0,
    "35":0,
    "40":0,
    "45":0,
    "50":0,
    "55":0,
    "60":"0",
    "65":"0",
    "70":"0",
    "UN":0
  },
  {
    "DAY":"2010-05-21",
    "HOUR":14,
    "2":11,
    "3":1,
    "5":5,
    "7":0,
    "10":0,
    "13":0,
    "16":0,
    "19":0,
    "21":0,
    "25":0,
    "30":0,
    "35":0,
    "40":0,
    "45":0,
    "50":0,
    "55":0,
    "60":"0",
    "65":"0",
    "70":"0",
    "UN":0
  },
  {
    "DAY":"2010-05-21",
    "HOUR":19,
    "2":32,
    "3":4,
    "5":6,
    "7":0,
    "10":0,
    "13":0,
    "16":0,
    "19":0,
    "21":0,
    "25":0,
    "30":0,
    "35":0,
    "40":0,
    "45":0,
    "50":0,
    "55":0,
    "60":"0",
    "65":"0",
    "70":"0",
    "UN":0
  },
  {
    "DAY":"2010-05-21",
    "HOUR":20,
    "2":122,
    "3":1,
    "5":20,
    "7":0,
    "10":0,
    "13":0,
    "16":0,
    "19":0,
    "21":0,
    "25":0,
    "30":0,
    "35":0,
    "40":0,
    "45":0,
    "50":0,
    "55":0,
    "60":"0",
    "65":"0",
    "70":"0",
    "UN":0
  },
  {
    "DAY":"2010-05-21",
    "HOUR":21,
    "2":46,
    "3":11,
    "5":17,
    "7":5,
    "10":0,
    "13":0,
    "16":0,
    "19":0,
    "21":0,
    "25":0,
    "30":0,
    "35":0,
    "40":0,
    "45":0,
    "50":0,
    "55":0,
    "60":"0",
    "65":"0",
    "70":"0",
    "UN":0
  },
  {
    "DAY":"2010-05-21",
    "HOUR":22,
    "2":111,
    "3":6,
    "5":5,
    "7":0,
    "10":0,
    "13":0,
    "16":0,
    "19":0,
    "21":0,
    "25":0,
    "30":0,
    "35":0,
    "40":0,
    "45":0,
    "50":0,
    "55":0,
    "60":"0",
    "65":"0",
    "70":"0",
    "UN":0
  },
  {
    "DAY":"2010-05-21",
    "HOUR":23,
    "2":85,
    "3":6,
    "5":30,
    "7":18,
    "10":6,
    "13":0,
    "16":0,
    "19":0,
    "21":0,
    "25":0,
    "30":0,
    "35":0,
    "40":0,
    "45":0,
    "50":0,
    "55":0,
    "60":"0",
    "65":"0",
    "70":"0",
    "UN":0
  },
  {
    "DAY":"2010-05-22",
    "HOUR":0,
    "2":137,
    "3":20,
    "5":38,
    "7":0,
    "10":0,
    "13":0,
    "16":0,
    "19":0,
    "21":0,
    "25":0,
    "30":0,
    "35":0,
    "40":0,
    "45":0,
    "50":0,
    "55":0,
    "60":"0",
    "65":"0",
    "70":"0",
    "UN":0
  },
  {
    "DAY":"2010-05-22",
    "HOUR":1,
    "2":128,
    "3":10,
    "5":56,
    "7":20,
    "10":24,
    "13":11,
    "16":2,
    "19":4,
    "21":0,
    "25":0,
    "30":0,
    "35":0,
    "40":0,
    "45":0,
    "50":0,
    "55":0,
    "60":"0",
    "65":"0",
    "70":"0",
    "UN":0
  },
  {
    "DAY":"2010-05-22",
    "HOUR":2,
    "2":203,
    "3":8,
    "5":26,
    "7":11,
    "10":0,
    "13":0,
    "16":0,
    "19":0,
    "21":0,
    "25":0,
    "30":0,
    "35":0,
    "40":0,
    "45":0,
    "50":0,
    "55":0,
    "60":"0",
    "65":"0",
    "70":"0",
    "UN":0
  },
  {
    "DAY":"2010-05-22",
    "HOUR":3,
    "2":21,
    "3":3,
    "5":9,
    "7":0,
    "10":0,
    "13":0,
    "16":0,
    "19":0,
    "21":0,
    "25":0,
    "30":0,
    "35":0,
    "40":0,
    "45":0,
    "50":0,
    "55":0,
    "60":"0",
    "65":"0",
    "70":"0",
    "UN":0
  },
  {
    "DAY":"2010-05-22",
    "HOUR":4,
    "2":63,
    "3":8,
    "5":13,
    "7":11,
    "10":3,
    "13":0,
    "16":0,
    "19":0,
    "21":0,
    "25":0,
    "30":0,
    "35":0,
    "40":0,
    "45":0,
    "50":0,
    "55":0,
    "60":"0",
    "65":"0",
    "70":"0",
    "UN":0
  },
  {
    "DAY":"2010-05-22",
    "HOUR":5,
    "2":9,
    "3":1,
    "5":1,
    "7":2,
    "10":2,
    "13":0,
    "16":0,
    "19":0,
    "21":0,
    "25":0,
    "30":0,
    "35":0,
    "40":0,
    "45":0,
    "50":0,
    "55":0,
    "60":"0",
    "65":"0",
    "70":"0",
    "UN":0
  },
  {
    "DAY":"2010-05-22",
    "HOUR":6,
    "2":146,
    "3":8,
    "5":17,
    "7":16,
    "10":3,
    "13":0,
    "16":0,
    "19":0,
    "21":0,
    "25":0,
    "30":0,
    "35":0,
    "40":0,
    "45":0,
    "50":0,
    "55":0,
    "60":"0",
    "65":"0",
    "70":"0",
    "UN":0
  },
  {
    "DAY":"2010-05-22",
    "HOUR":7,
    "2":302,
    "3":20,
    "5":31,
    "7":33,
    "10":13,
    "13":9,
    "16":0,
    "19":0,
    "21":0,
    "25":0,
    "30":0,
    "35":0,
    "40":0,
    "45":0,
    "50":0,
    "55":0,
    "60":"0",
    "65":"0",
    "70":"0",
    "UN":0
  },
  {
    "DAY":"2010-05-22",
    "HOUR":8,
    "2":326,
    "3":18,
    "5":56,
    "7":13,
    "10":23,
    "13":0,
    "16":0,
    "19":4,
    "21":5,
    "25":0,
    "30":0,
    "35":0,
    "40":0,
    "45":0,
    "50":0,
    "55":0,
    "60":"0",
    "65":"0",
    "70":"0",
    "UN":0
  },
  {
    "DAY":"2010-05-22",
    "HOUR":9,
    "2":46,
    "3":10,
    "5":27,
    "7":0,
    "10":0,
    "13":0,
    "16":0,
    "19":0,
    "21":0,
    "25":0,
    "30":0,
    "35":0,
    "40":0,
    "45":0,
    "50":0,
    "55":0,
    "60":"0",
    "65":"0",
    "70":"0",
    "UN":0
  },
  {
    "DAY":"2010-05-22",
    "HOUR":10,
    "2":66,
    "3":5,
    "5":18,
    "7":4,
    "10":0,
    "13":0,
    "16":0,
    "19":0,
    "21":0,
    "25":0,
    "30":0,
    "35":0,
    "40":0,
    "45":0,
    "50":0,
    "55":0,
    "60":"0",
    "65":"0",
    "70":"0",
    "UN":0
  },
  {
    "DAY":"2010-05-22",
    "HOUR":11,
    "2":81,
    "3":7,
    "5":25,
    "7":13,
    "10":2,
    "13":6,
    "16":7,
    "19":0,
    "21":0,
    "25":0,
    "30":0,
    "35":0,
    "40":0,
    "45":0,
    "50":0,
    "55":0,
    "60":"0",
    "65":"0",
    "70":"0",
    "UN":0
  },
  {
    "DAY":"2010-05-22",
    "HOUR":12,
    "2":259,
    "3":10,
    "5":49,
    "7":20,
    "10":23,
    "13":12,
    "16":9,
    "19":4,
    "21":0,
    "25":0,
    "30":0,
    "35":0,
    "40":0,
    "45":0,
    "50":0,
    "55":0,
    "60":"0",
    "65":"0",
    "70":"0",
    "UN":0
  },
  {
    "DAY":"2010-05-22",
    "HOUR":13,
    "2":460,
    "3":74,
    "5":159,
    "7":30,
    "10":9,
    "13":0,
    "16":0,
    "19":0,
    "21":0,
    "25":0,
    "30":0,
    "35":0,
    "40":0,
    "45":0,
    "50":0,
    "55":0,
    "60":"0",
    "65":"0",
    "70":"0",
    "UN":0
  },
  {
    "DAY":"2010-05-22",
    "HOUR":14,
    "2":62,
    "3":5,
    "5":27,
    "7":7,
    "10":7,
    "13":0,
    "16":0,
    "19":0,
    "21":0,
    "25":0,
    "30":0,
    "35":0,
    "40":0,
    "45":0,
    "50":0,
    "55":0,
    "60":"0",
    "65":"0",
    "70":"0",
    "UN":0
  },
  {
    "DAY":"2010-05-22",
    "HOUR":15,
    "2":63,
    "3":14,
    "5":17,
    "7":5,
    "10":0,
    "13":0,
    "16":0,
    "19":0,
    "21":0,
    "25":0,
    "30":0,
    "35":0,
    "40":0,
    "45":0,
    "50":0,
    "55":0,
    "60":"0",
    "65":"0",
    "70":"0",
    "UN":0
  },
  {
    "DAY":"2010-05-22",
    "HOUR":16,
    "2":114,
    "3":25,
    "5":47,
    "7":8,
    "10":3,
    "13":0,
    "16":0,
    "19":0,
    "21":0,
    "25":0,
    "30":0,
    "35":0,
    "40":0,
    "45":0,
    "50":0,
    "55":0,
    "60":"0",
    "65":"0",
    "70":"0",
    "UN":0
  },
  {
    "DAY":"2010-05-22",
    "HOUR":17,
    "2":210,
    "3":10,
    "5":11,
    "7":4,
    "10":12,
    "13":9,
    "16":3,
    "19":0,
    "21":0,
    "25":0,
    "30":0,
    "35":0,
    "40":0,
    "45":0,
    "50":0,
    "55":0,
    "60":"0",
    "65":"0",
    "70":"0",
    "UN":0
  },
  {
    "DAY":"2010-05-22",
    "HOUR":18,
    "2":43,
    "3":3,
    "5":18,
    "7":8,
    "10":0,
    "13":0,
    "16":0,
    "19":0,
    "21":0,
    "25":0,
    "30":0,
    "35":0,
    "40":0,
    "45":0,
    "50":0,
    "55":0,
    "60":"0",
    "65":"0",
    "70":"0",
    "UN":0
  },
  {
    "DAY":"2010-05-22",
    "HOUR":19,
    "2":114,
    "3":9,
    "5":24,
    "7":0,
    "10":0,
    "13":0,
    "16":0,
    "19":0,
    "21":0,
    "25":0,
    "30":0,
    "35":0,
    "40":0,
    "45":0,
    "50":0,
    "55":0,
    "60":"0",
    "65":"0",
    "70":"0",
    "UN":0
  },
  {
    "DAY":"2010-05-22",
    "HOUR":20,
    "2":77,
    "3":3,
    "5":19,
    "7":13,
    "10":6,
    "13":0,
    "16":0,
    "19":0,
    "21":0,
    "25":0,
    "30":0,
    "35":0,
    "40":0,
    "45":0,
    "50":0,
    "55":0,
    "60":"0",
    "65":"0",
    "70":"0",
    "UN":0
  },
  {
    "DAY":"2010-05-22",
    "HOUR":21,
    "2":234,
    "3":13,
    "5":16,
    "7":9,
    "10":0,
    "13":0,
    "16":0,
    "19":0,
    "21":0,
    "25":0,
    "30":0,
    "35":0,
    "40":0,
    "45":0,
    "50":0,
    "55":0,
    "60":"0",
    "65":"0",
    "70":"0",
    "UN":0
  },
  {
    "DAY":"2010-05-22",
    "HOUR":22,
    "2":188,
    "3":15,
    "5":27,
    "7":7,
    "10":5,
    "13":0,
    "16":0,
    "19":0,
    "21":0,
    "25":0,
    "30":0,
    "35":0,
    "40":0,
    "45":0,
    "50":0,
    "55":0,
    "60":"0",
    "65":"0",
    "70":"0",
    "UN":0
  },
  {
    "DAY":"2010-05-22",
    "HOUR":23,
    "2":151,
    "3":3,
    "5":14,
    "7":11,
    "10":8,
    "13":0,
    "16":0,
    "19":0,
    "21":0,
    "25":0,
    "30":0,
    "35":0,
    "40":0,
    "45":0,
    "50":0,
    "55":0,
    "60":"0",
    "65":"0",
    "70":"0",
    "UN":0
  },
  {
    "DAY":"2010-05-23",
    "HOUR":0,
    "2":218,
    "3":39,
    "5":57,
    "7":8,
    "10":6,
    "13":4,
    "16":0,
    "19":0,
    "21":0,
    "25":0,
    "30":0,
    "35":0,
    "40":0,
    "45":0,
    "50":0,
    "55":0,
    "60":"0",
    "65":"0",
    "70":"0",
    "UN":0
  },
  {
    "DAY":"2010-05-23",
    "HOUR":1,
    "2":35,
    "3":2,
    "5":15,
    "7":6,
    "10":0,
    "13":0,
    "16":0,
    "19":0,
    "21":0,
    "25":0,
    "30":0,
    "35":0,
    "40":0,
    "45":0,
    "50":0,
    "55":0,
    "60":"0",
    "65":"0",
    "70":"0",
    "UN":0
  },
  {
    "DAY":"2010-05-23",
    "HOUR":4,
    "2":25,
    "3":3,
    "5":15,
    "7":4,
    "10":0,
    "13":0,
    "16":0,
    "19":0,
    "21":0,
    "25":0,
    "30":0,
    "35":0,
    "40":0,
    "45":0,
    "50":0,
    "55":0,
    "60":"0",
    "65":"0",
    "70":"0",
    "UN":0
  },
  {
    "DAY":"2010-05-23",
    "HOUR":5,
    "2":114,
    "3":10,
    "5":14,
    "7":8,
    "10":9,
    "13":2,
    "16":2,
    "19":4,
    "21":0,
    "25":6,
    "30":0,
    "35":0,
    "40":0,
    "45":0,
    "50":0,
    "55":0,
    "60":"0",
    "65":"0",
    "70":"0",
    "UN":0
  },
  {
    "DAY":"2010-05-23",
    "HOUR":6,
    "2":490,
    "3":35,
    "5":86,
    "7":30,
    "10":14,
    "13":14,
    "16":5,
    "19":5,
    "21":10,
    "25":5,
    "30":0,
    "35":0,
    "40":0,
    "45":0,
    "50":0,
    "55":0,
    "60":"0",
    "65":"0",
    "70":"0",
    "UN":0
  },
  {
    "DAY":"2010-05-23",
    "HOUR":7,
    "2":121,
    "3":21,
    "5":55,
    "7":12,
    "10":10,
    "13":5,
    "16":7,
    "19":0,
    "21":0,
    "25":0,
    "30":0,
    "35":0,
    "40":0,
    "45":0,
    "50":0,
    "55":0,
    "60":"0",
    "65":"0",
    "70":"0",
    "UN":0
  },
  {
    "DAY":"2010-05-23",
    "HOUR":8,
    "2":163,
    "3":8,
    "5":35,
    "7":15,
    "10":16,
    "13":0,
    "16":0,
    "19":0,
    "21":0,
    "25":0,
    "30":0,
    "35":0,
    "40":0,
    "45":0,
    "50":0,
    "55":0,
    "60":"0",
    "65":"0",
    "70":"0",
    "UN":0
  },
  {
    "DAY":"2010-05-23",
    "HOUR":9,
    "2":191,
    "3":36,
    "5":49,
    "7":0,
    "10":0,
    "13":0,
    "16":0,
    "19":0,
    "21":0,
    "25":0,
    "30":0,
    "35":0,
    "40":0,
    "45":0,
    "50":0,
    "55":0,
    "60":"0",
    "65":"0",
    "70":"0",
    "UN":0
  },
  {
    "DAY":"2010-05-23",
    "HOUR":10,
    "2":19,
    "3":2,
    "5":9,
    "7":0,
    "10":0,
    "13":0,
    "16":0,
    "19":0,
    "21":0,
    "25":0,
    "30":0,
    "35":0,
    "40":0,
    "45":0,
    "50":0,
    "55":0,
    "60":"0",
    "65":"0",
    "70":"0",
    "UN":0
  },
  {
    "DAY":"2010-05-23",
    "HOUR":11,
    "2":140,
    "3":16,
    "5":56,
    "7":14,
    "10":2,
    "13":4,
    "16":0,
    "19":0,
    "21":0,
    "25":0,
    "30":0,
    "35":0,
    "40":0,
    "45":0,
    "50":0,
    "55":0,
    "60":"0",
    "65":"0",
    "70":"0",
    "UN":0
  },
  {
    "DAY":"2010-05-23",
    "HOUR":12,
    "2":566,
    "3":49,
    "5":95,
    "7":25,
    "10":13,
    "13":0,
    "16":0,
    "19":0,
    "21":0,
    "25":0,
    "30":0,
    "35":0,
    "40":0,
    "45":0,
    "50":0,
    "55":0,
    "60":"0",
    "65":"0",
    "70":"0",
    "UN":0
  },
  {
    "DAY":"2010-05-23",
    "HOUR":13,
    "2":246,
    "3":20,
    "5":24,
    "7":20,
    "10":11,
    "13":6,
    "16":0,
    "19":0,
    "21":0,
    "25":0,
    "30":0,
    "35":0,
    "40":0,
    "45":0,
    "50":0,
    "55":0,
    "60":"0",
    "65":"0",
    "70":"0",
    "UN":0
  },
  {
    "DAY":"2010-05-23",
    "HOUR":14,
    "2":198,
    "3":20,
    "5":35,
    "7":3,
    "10":4,
    "13":0,
    "16":0,
    "19":0,
    "21":0,
    "25":0,
    "30":0,
    "35":0,
    "40":0,
    "45":0,
    "50":0,
    "55":0,
    "60":"0",
    "65":"0",
    "70":"0",
    "UN":0
  },
  {
    "DAY":"2010-05-23",
    "HOUR":15,
    "2":74,
    "3":4,
    "5":18,
    "7":9,
    "10":17,
    "13":6,
    "16":1,
    "19":0,
    "21":0,
    "25":0,
    "30":0,
    "35":0,
    "40":0,
    "45":0,
    "50":0,
    "55":0,
    "60":"0",
    "65":"0",
    "70":"0",
    "UN":0
  },
  {
    "DAY":"2010-05-23",
    "HOUR":16,
    "2":226,
    "3":4,
    "5":40,
    "7":7,
    "10":9,
    "13":16,
    "16":13,
    "19":1,
    "21":0,
    "25":0,
    "30":0,
    "35":0,
    "40":0,
    "45":0,
    "50":0,
    "55":0,
    "60":"0",
    "65":"0",
    "70":"0",
    "UN":0
  },
  {
    "DAY":"2010-05-23",
    "HOUR":17,
    "2":41,
    "3":9,
    "5":7,
    "7":5,
    "10":0,
    "13":0,
    "16":0,
    "19":0,
    "21":0,
    "25":0,
    "30":0,
    "35":0,
    "40":0,
    "45":0,
    "50":0,
    "55":0,
    "60":"0",
    "65":"0",
    "70":"0",
    "UN":0
  },
  {
    "DAY":"2010-05-23",
    "HOUR":19,
    "2":10,
    "3":3,
    "5":4,
    "7":0,
    "10":0,
    "13":0,
    "16":0,
    "19":0,
    "21":0,
    "25":0,
    "30":0,
    "35":0,
    "40":0,
    "45":0,
    "50":0,
    "55":0,
    "60":"0",
    "65":"0",
    "70":"0",
    "UN":0
  },
  {
    "DAY":"2010-05-23",
    "HOUR":20,
    "2":669,
    "3":0,
    "5":0,
    "7":0,
    "10":0,
    "13":0,
    "16":0,
    "19":0,
    "21":0,
    "25":0,
    "30":0,
    "35":0,
    "40":0,
    "45":0,
    "50":0,
    "55":0,
    "60":"0",
    "65":"0",
    "70":"0",
    "UN":0
  },
  {
    "DAY":"2010-05-23",
    "HOUR":21,
    "2":211,
    "3":38,
    "5":55,
    "7":9,
    "10":0,
    "13":0,
    "16":0,
    "19":0,
    "21":0,
    "25":0,
    "30":0,
    "35":0,
    "40":0,
    "45":0,
    "50":0,
    "55":0,
    "60":"0",
    "65":"0",
    "70":"0",
    "UN":0
  },
  {
    "DAY":"2010-05-23",
    "HOUR":22,
    "2":408,
    "3":54,
    "5":81,
    "7":20,
    "10":11,
    "13":4,
    "16":0,
    "19":0,
    "21":0,
    "25":0,
    "30":0,
    "35":0,
    "40":0,
    "45":0,
    "50":0,
    "55":0,
    "60":"0",
    "65":"0",
    "70":"0",
    "UN":0
  },
  {
    "DAY":"2010-05-23",
    "HOUR":23,
    "2":283,
    "3":29,
    "5":54,
    "7":32,
    "10":22,
    "13":13,
    "16":4,
    "19":2,
    "21":5,
    "25":0,
    "30":0,
    "35":0,
    "40":0,
    "45":0,
    "50":0,
    "55":0,
    "60":"0",
    "65":"0",
    "70":"0",
    "UN":0
  },
  {
    "DAY":"2010-05-24",
    "HOUR":0,
    "2":230,
    "3":14,
    "5":69,
    "7":24,
    "10":17,
    "13":6,
    "16":0,
    "19":0,
    "21":0,
    "25":0,
    "30":0,
    "35":0,
    "40":0,
    "45":0,
    "50":0,
    "55":0,
    "60":"0",
    "65":"0",
    "70":"0",
    "UN":0
  },
  {
    "DAY":"2010-05-24",
    "HOUR":1,
    "2":127,
    "3":15,
    "5":41,
    "7":12,
    "10":8,
    "13":0,
    "16":0,
    "19":0,
    "21":0,
    "25":0,
    "30":0,
    "35":0,
    "40":0,
    "45":0,
    "50":0,
    "55":0,
    "60":"0",
    "65":"0",
    "70":"0",
    "UN":0
  },
  {
    "DAY":"2010-05-24",
    "HOUR":2,
    "2":227,
    "3":0,
    "5":0,
    "7":0,
    "10":0,
    "13":0,
    "16":0,
    "19":0,
    "21":0,
    "25":0,
    "30":0,
    "35":0,
    "40":0,
    "45":0,
    "50":0,
    "55":0,
    "60":"0",
    "65":"0",
    "70":"0",
    "UN":0
  },
  {
    "DAY":"2010-05-24",
    "HOUR":3,
    "2":19,
    "3":4,
    "5":18,
    "7":0,
    "10":0,
    "13":0,
    "16":0,
    "19":0,
    "21":0,
    "25":0,
    "30":0,
    "35":0,
    "40":0,
    "45":0,
    "50":0,
    "55":0,
    "60":"0",
    "65":"0",
    "70":"0",
    "UN":0
  },
  {
    "DAY":"2010-05-24",
    "HOUR":4,
    "2":33,
    "3":1,
    "5":17,
    "7":1,
    "10":0,
    "13":0,
    "16":0,
    "19":0,
    "21":0,
    "25":0,
    "30":0,
    "35":0,
    "40":0,
    "45":0,
    "50":0,
    "55":0,
    "60":"0",
    "65":"0",
    "70":"0",
    "UN":0
  },
  {
    "DAY":"2010-05-24",
    "HOUR":5,
    "2":21,
    "3":1,
    "5":9,
    "7":0,
    "10":0,
    "13":0,
    "16":0,
    "19":0,
    "21":0,
    "25":0,
    "30":0,
    "35":0,
    "40":0,
    "45":0,
    "50":0,
    "55":0,
    "60":"0",
    "65":"0",
    "70":"0",
    "UN":0
  },
  {
    "DAY":"2010-05-24",
    "HOUR":6,
    "2":37,
    "3":3,
    "5":7,
    "7":6,
    "10":12,
    "13":4,
    "16":0,
    "19":0,
    "21":0,
    "25":0,
    "30":0,
    "35":0,
    "40":0,
    "45":0,
    "50":0,
    "55":0,
    "60":"0",
    "65":"0",
    "70":"0",
    "UN":0
  },
  {
    "DAY":"2010-05-24",
    "HOUR":7,
    "2":90,
    "3":2,
    "5":2,
    "7":0,
    "10":0,
    "13":0,
    "16":0,
    "19":0,
    "21":0,
    "25":0,
    "30":0,
    "35":0,
    "40":0,
    "45":0,
    "50":0,
    "55":0,
    "60":"0",
    "65":"0",
    "70":"0",
    "UN":0
  },
  {
    "DAY":"2010-05-24",
    "HOUR":8,
    "2":195,
    "3":6,
    "5":30,
    "7":17,
    "10":11,
    "13":0,
    "16":0,
    "19":0,
    "21":0,
    "25":0,
    "30":0,
    "35":0,
    "40":0,
    "45":0,
    "50":0,
    "55":0,
    "60":"0",
    "65":"0",
    "70":"0",
    "UN":0
  },
  {
    "DAY":"2010-05-24",
    "HOUR":9,
    "2":147,
    "3":14,
    "5":40,
    "7":19,
    "10":3,
    "13":3,
    "16":4,
    "19":0,
    "21":0,
    "25":0,
    "30":0,
    "35":0,
    "40":0,
    "45":0,
    "50":0,
    "55":0,
    "60":"0",
    "65":"0",
    "70":"0",
    "UN":0
  },
  {
    "DAY":"2010-05-24",
    "HOUR":10,
    "2":483,
    "3":50,
    "5":74,
    "7":20,
    "10":26,
    "13":14,
    "16":15,
    "19":7,
    "21":1,
    "25":0,
    "30":0,
    "35":0,
    "40":0,
    "45":0,
    "50":0,
    "55":0,
    "60":"0",
    "65":"0",
    "70":"0",
    "UN":0
  },
  {
    "DAY":"2010-05-24",
    "HOUR":11,
    "2":500,
    "3":35,
    "5":59,
    "7":44,
    "10":42,
    "13":17,
    "16":25,
    "19":11,
    "21":5,
    "25":3,
    "30":0,
    "35":0,
    "40":0,
    "45":0,
    "50":0,
    "55":0,
    "60":"0",
    "65":"0",
    "70":"0",
    "UN":0
  },
  {
    "DAY":"2010-05-24",
    "HOUR":13,
    "2":48,
    "3":3,
    "5":15,
    "7":7,
    "10":7,
    "13":0,
    "16":0,
    "19":0,
    "21":0,
    "25":0,
    "30":0,
    "35":0,
    "40":0,
    "45":0,
    "50":0,
    "55":0,
    "60":"0",
    "65":"0",
    "70":"0",
    "UN":0
  },
  {
    "DAY":"2010-05-24",
    "HOUR":14,
    "2":9,
    "3":0,
    "5":5,
    "7":5,
    "10":0,
    "13":0,
    "16":0,
    "19":0,
    "21":0,
    "25":0,
    "30":0,
    "35":0,
    "40":0,
    "45":0,
    "50":0,
    "55":0,
    "60":"0",
    "65":"0",
    "70":"0",
    "UN":0
  },
  {
    "DAY":"2010-05-24",
    "HOUR":15,
    "2":178,
    "3":10,
    "5":45,
    "7":5,
    "10":0,
    "13":0,
    "16":0,
    "19":0,
    "21":0,
    "25":0,
    "30":0,
    "35":0,
    "40":0,
    "45":0,
    "50":0,
    "55":0,
    "60":"0",
    "65":"0",
    "70":"0",
    "UN":0
  },
  {
    "DAY":"2010-05-24",
    "HOUR":16,
    "2":220,
    "3":19,
    "5":43,
    "7":16,
    "10":4,
    "13":6,
    "16":1,
    "19":0,
    "21":0,
    "25":0,
    "30":0,
    "35":0,
    "40":0,
    "45":0,
    "50":0,
    "55":0,
    "60":"0",
    "65":"0",
    "70":"0",
    "UN":0
  },
  {
    "DAY":"2010-05-24",
    "HOUR":17,
    "2":123,
    "3":14,
    "5":23,
    "7":0,
    "10":0,
    "13":0,
    "16":0,
    "19":0,
    "21":0,
    "25":0,
    "30":0,
    "35":0,
    "40":0,
    "45":0,
    "50":0,
    "55":0,
    "60":"0",
    "65":"0",
    "70":"0",
    "UN":0
  },
  {
    "DAY":"2010-05-24",
    "HOUR":18,
    "2":36,
    "3":12,
    "5":12,
    "7":0,
    "10":0,
    "13":0,
    "16":0,
    "19":0,
    "21":0,
    "25":0,
    "30":0,
    "35":0,
    "40":0,
    "45":0,
    "50":0,
    "55":0,
    "60":"0",
    "65":"0",
    "70":"0",
    "UN":0
  },
  {
    "DAY":"2010-05-24",
    "HOUR":19,
    "2":30,
    "3":7,
    "5":20,
    "7":5,
    "10":0,
    "13":0,
    "16":0,
    "19":0,
    "21":0,
    "25":0,
    "30":0,
    "35":0,
    "40":0,
    "45":0,
    "50":0,
    "55":0,
    "60":"0",
    "65":"0",
    "70":"0",
    "UN":0
  },
  {
    "DAY":"2010-05-24",
    "HOUR":20,
    "2":60,
    "3":11,
    "5":18,
    "7":0,
    "10":0,
    "13":0,
    "16":0,
    "19":0,
    "21":0,
    "25":0,
    "30":0,
    "35":0,
    "40":0,
    "45":0,
    "50":0,
    "55":0,
    "60":"0",
    "65":"0",
    "70":"0",
    "UN":0
  },
  {
    "DAY":"2010-05-24",
    "HOUR":21,
    "2":162,
    "3":7,
    "5":9,
    "7":3,
    "10":0,
    "13":0,
    "16":0,
    "19":0,
    "21":0,
    "25":0,
    "30":0,
    "35":0,
    "40":0,
    "45":0,
    "50":0,
    "55":0,
    "60":"0",
    "65":"0",
    "70":"0",
    "UN":0
  },
  {
    "DAY":"2010-05-24",
    "HOUR":22,
    "2":9,
    "3":2,
    "5":2,
    "7":0,
    "10":0,
    "13":0,
    "16":0,
    "19":0,
    "21":0,
    "25":0,
    "30":0,
    "35":0,
    "40":0,
    "45":0,
    "50":0,
    "55":0,
    "60":"0",
    "65":"0",
    "70":"0",
    "UN":0
  },
  {
    "DAY":"2010-05-24",
    "HOUR":23,
    "2":9,
    "3":2,
    "5":3,
    "7":0,
    "10":0,
    "13":0,
    "16":0,
    "19":0,
    "21":0,
    "25":0,
    "30":0,
    "35":0,
    "40":0,
    "45":0,
    "50":0,
    "55":0,
    "60":"0",
    "65":"0",
    "70":"0",
    "UN":0
  },
  {
    "DAY":"2010-05-25",
    "HOUR":0,
    "2":19,
    "3":2,
    "5":8,
    "7":6,
    "10":0,
    "13":0,
    "16":0,
    "19":0,
    "21":0,
    "25":0,
    "30":0,
    "35":0,
    "40":0,
    "45":0,
    "50":0,
    "55":0,
    "60":"0",
    "65":"0",
    "70":"0",
    "UN":0
  },
  {
    "DAY":"2010-05-25",
    "HOUR":1,
    "2":215,
    "3":11,
    "5":21,
    "7":16,
    "10":0,
    "13":0,
    "16":0,
    "19":0,
    "21":0,
    "25":0,
    "30":0,
    "35":0,
    "40":0,
    "45":0,
    "50":0,
    "55":0,
    "60":"0",
    "65":"0",
    "70":"0",
    "UN":0
  },
  {
    "DAY":"2010-05-25",
    "HOUR":2,
    "2":21,
    "3":7,
    "5":12,
    "7":0,
    "10":0,
    "13":0,
    "16":0,
    "19":0,
    "21":0,
    "25":0,
    "30":0,
    "35":0,
    "40":0,
    "45":0,
    "50":0,
    "55":0,
    "60":"0",
    "65":"0",
    "70":"0",
    "UN":0
  },
  {
    "DAY":"2010-05-25",
    "HOUR":3,
    "2":89,
    "3":18,
    "5":19,
    "7":11,
    "10":14,
    "13":4,
    "16":0,
    "19":0,
    "21":0,
    "25":0,
    "30":0,
    "35":0,
    "40":0,
    "45":0,
    "50":0,
    "55":0,
    "60":"0",
    "65":"0",
    "70":"0",
    "UN":0
  },
  {
    "DAY":"2010-05-25",
    "HOUR":4,
    "2":10,
    "3":1,
    "5":3,
    "7":0,
    "10":0,
    "13":0,
    "16":0,
    "19":0,
    "21":0,
    "25":0,
    "30":0,
    "35":0,
    "40":0,
    "45":0,
    "50":0,
    "55":0,
    "60":"0",
    "65":"0",
    "70":"0",
    "UN":0
  },
  {
    "DAY":"2010-05-25",
    "HOUR":5,
    "2":97,
    "3":8,
    "5":26,
    "7":12,
    "10":1,
    "13":0,
    "16":0,
    "19":0,
    "21":0,
    "25":0,
    "30":0,
    "35":0,
    "40":0,
    "45":0,
    "50":0,
    "55":0,
    "60":"0",
    "65":"0",
    "70":"0",
    "UN":0
  },
  {
    "DAY":"2010-05-25",
    "HOUR":7,
    "2":64,
    "3":6,
    "5":27,
    "7":1,
    "10":0,
    "13":0,
    "16":0,
    "19":0,
    "21":0,
    "25":0,
    "30":0,
    "35":0,
    "40":0,
    "45":0,
    "50":0,
    "55":0,
    "60":"0",
    "65":"0",
    "70":"0",
    "UN":0
  },
  {
    "DAY":"2010-05-25",
    "HOUR":8,
    "2":138,
    "3":9,
    "5":6,
    "7":10,
    "10":13,
    "13":7,
    "16":2,
    "19":0,
    "21":0,
    "25":0,
    "30":0,
    "35":0,
    "40":0,
    "45":0,
    "50":0,
    "55":0,
    "60":"0",
    "65":"0",
    "70":"0",
    "UN":0
  },
  {
    "DAY":"2010-05-25",
    "HOUR":9,
    "2":284,
    "3":22,
    "5":9,
    "7":8,
    "10":3,
    "13":9,
    "16":1,
    "19":0,
    "21":0,
    "25":0,
    "30":0,
    "35":0,
    "40":0,
    "45":0,
    "50":0,
    "55":0,
    "60":"0",
    "65":"0",
    "70":"0",
    "UN":0
  },
  {
    "DAY":"2010-05-25",
    "HOUR":10,
    "2":19,
    "3":13,
    "5":13,
    "7":4,
    "10":0,
    "13":0,
    "16":0,
    "19":0,
    "21":0,
    "25":0,
    "30":0,
    "35":0,
    "40":0,
    "45":0,
    "50":0,
    "55":0,
    "60":"0",
    "65":"0",
    "70":"0",
    "UN":0
  },
  {
    "DAY":"2010-05-25",
    "HOUR":11,
    "2":169,
    "3":17,
    "5":56,
    "7":12,
    "10":17,
    "13":8,
    "16":1,
    "19":0,
    "21":0,
    "25":0,
    "30":0,
    "35":0,
    "40":0,
    "45":0,
    "50":0,
    "55":0,
    "60":"0",
    "65":"0",
    "70":"0",
    "UN":0
  },
  {
    "DAY":"2010-05-25",
    "HOUR":12,
    "2":18,
    "3":15,
    "5":4,
    "7":0,
    "10":0,
    "13":0,
    "16":0,
    "19":0,
    "21":0,
    "25":0,
    "30":0,
    "35":0,
    "40":0,
    "45":0,
    "50":0,
    "55":0,
    "60":"0",
    "65":"0",
    "70":"0",
    "UN":0
  },
  {
    "DAY":"2010-05-25",
    "HOUR":13,
    "2":144,
    "3":11,
    "5":29,
    "7":12,
    "10":7,
    "13":3,
    "16":3,
    "19":0,
    "21":0,
    "25":0,
    "30":0,
    "35":0,
    "40":0,
    "45":0,
    "50":0,
    "55":0,
    "60":"0",
    "65":"0",
    "70":"0",
    "UN":0
  },
  {
    "DAY":"2010-05-25",
    "HOUR":14,
    "2":74,
    "3":18,
    "5":31,
    "7":10,
    "10":9,
    "13":2,
    "16":3,
    "19":5,
    "21":0,
    "25":0,
    "30":0,
    "35":0,
    "40":0,
    "45":0,
    "50":0,
    "55":0,
    "60":"0",
    "65":"0",
    "70":"0",
    "UN":0
  },
  {
    "DAY":"2010-05-25",
    "HOUR":15,
    "2":299,
    "3":46,
    "5":104,
    "7":26,
    "10":13,
    "13":0,
    "16":0,
    "19":0,
    "21":0,
    "25":0,
    "30":0,
    "35":0,
    "40":0,
    "45":0,
    "50":0,
    "55":0,
    "60":"0",
    "65":"0",
    "70":"0",
    "UN":0
  },
  {
    "DAY":"2010-05-25",
    "HOUR":16,
    "2":107,
    "3":7,
    "5":11,
    "7":0,
    "10":0,
    "13":0,
    "16":0,
    "19":0,
    "21":0,
    "25":0,
    "30":0,
    "35":0,
    "40":0,
    "45":0,
    "50":0,
    "55":0,
    "60":"0",
    "65":"0",
    "70":"0",
    "UN":0
  },
  {
    "DAY":"2010-05-25",
    "HOUR":17,
    "2":41,
    "3":3,
    "5":13,
    "7":7,
    "10":3,
    "13":0,
    "16":0,
    "19":0,
    "21":0,
    "25":0,
    "30":0,
    "35":0,
    "40":0,
    "45":0,
    "50":0,
    "55":0,
    "60":"0",
    "65":"0",
    "70":"0",
    "UN":0
  },
  {
    "DAY":"2010-05-25",
    "HOUR":19,
    "2":18,
    "3":2,
    "5":9,
    "7":5,
    "10":3,
    "13":0,
    "16":0,
    "19":0,
    "21":0,
    "25":0,
    "30":0,
    "35":0,
    "40":0,
    "45":0,
    "50":0,
    "55":0,
    "60":"0",
    "65":"0",
    "70":"0",
    "UN":0
  },
  {
    "DAY":"2010-05-25",
    "HOUR":20,
    "2":155,
    "3":6,
    "5":16,
    "7":6,
    "10":7,
    "13":0,
    "16":0,
    "19":0,
    "21":0,
    "25":0,
    "30":0,
    "35":0,
    "40":0,
    "45":0,
    "50":0,
    "55":0,
    "60":"0",
    "65":"0",
    "70":"0",
    "UN":0
  },
  {
    "DAY":"2010-05-25",
    "HOUR":21,
    "2":180,
    "3":9,
    "5":1,
    "7":1,
    "10":3,
    "13":2,
    "16":0,
    "19":0,
    "21":0,
    "25":0,
    "30":0,
    "35":0,
    "40":0,
    "45":0,
    "50":0,
    "55":0,
    "60":"0",
    "65":"0",
    "70":"0",
    "UN":0
  },
  {
    "DAY":"2010-05-25",
    "HOUR":22,
    "2":452,
    "3":36,
    "5":82,
    "7":30,
    "10":27,
    "13":5,
    "16":3,
    "19":4,
    "21":1,
    "25":4,
    "30":0,
    "35":0,
    "40":0,
    "45":0,
    "50":0,
    "55":0,
    "60":"0",
    "65":"0",
    "70":"0",
    "UN":0
  },
  {
    "DAY":"2010-05-25",
    "HOUR":23,
    "2":117,
    "3":30,
    "5":35,
    "7":11,
    "10":3,
    "13":0,
    "16":0,
    "19":0,
    "21":0,
    "25":0,
    "30":0,
    "35":0,
    "40":0,
    "45":0,
    "50":0,
    "55":0,
    "60":"0",
    "65":"0",
    "70":"0",
    "UN":0
  },
  {
    "DAY":"2010-05-26",
    "HOUR":0,
    "2":720,
    "3":91,
    "5":127,
    "7":55,
    "10":43,
    "13":10,
    "16":8,
    "19":3,
    "21":2,
    "25":4,
    "30":8,
    "35":8,
    "40":2,
    "45":4,
    "50":0,
    "55":0,
    "60":"0",
    "65":"0",
    "70":"0",
    "UN":0
  },
  {
    "DAY":"2010-05-26",
    "HOUR":1,
    "2":393,
    "3":50,
    "5":60,
    "7":9,
    "10":2,
    "13":0,
    "16":0,
    "19":0,
    "21":0,
    "25":0,
    "30":0,
    "35":0,
    "40":0,
    "45":0,
    "50":0,
    "55":0,
    "60":"0",
    "65":"0",
    "70":"0",
    "UN":0
  },
  {
    "DAY":"2010-05-26",
    "HOUR":2,
    "2":52,
    "3":5,
    "5":19,
    "7":13,
    "10":0,
    "13":0,
    "16":0,
    "19":0,
    "21":0,
    "25":0,
    "30":0,
    "35":0,
    "40":0,
    "45":0,
    "50":0,
    "55":0,
    "60":"0",
    "65":"0",
    "70":"0",
    "UN":0
  },
  {
    "DAY":"2010-05-26",
    "HOUR":3,
    "2":18,
    "3":3,
    "5":7,
    "7":0,
    "10":0,
    "13":0,
    "16":0,
    "19":0,
    "21":0,
    "25":0,
    "30":0,
    "35":0,
    "40":0,
    "45":0,
    "50":0,
    "55":0,
    "60":"0",
    "65":"0",
    "70":"0",
    "UN":0
  },
  {
    "DAY":"2010-05-26",
    "HOUR":4,
    "2":143,
    "3":34,
    "5":61,
    "7":7,
    "10":0,
    "13":0,
    "16":0,
    "19":0,
    "21":0,
    "25":0,
    "30":0,
    "35":0,
    "40":0,
    "45":0,
    "50":0,
    "55":0,
    "60":"0",
    "65":"0",
    "70":"0",
    "UN":0
  },
  {
    "DAY":"2010-05-26",
    "HOUR":5,
    "2":330,
    "3":54,
    "5":75,
    "7":30,
    "10":11,
    "13":7,
    "16":0,
    "19":0,
    "21":0,
    "25":0,
    "30":0,
    "35":0,
    "40":0,
    "45":0,
    "50":0,
    "55":0,
    "60":"0",
    "65":"0",
    "70":"0",
    "UN":0
  },
  {
    "DAY":"2010-05-26",
    "HOUR":6,
    "2":201,
    "3":15,
    "5":39,
    "7":28,
    "10":21,
    "13":9,
    "16":10,
    "19":2,
    "21":6,
    "25":0,
    "30":0,
    "35":0,
    "40":0,
    "45":0,
    "50":0,
    "55":0,
    "60":"0",
    "65":"0",
    "70":"0",
    "UN":0
  },
  {
    "DAY":"2010-05-26",
    "HOUR":7,
    "2":70,
    "3":6,
    "5":30,
    "7":18,
    "10":10,
    "13":10,
    "16":0,
    "19":0,
    "21":0,
    "25":0,
    "30":0,
    "35":0,
    "40":0,
    "45":0,
    "50":0,
    "55":0,
    "60":"0",
    "65":"0",
    "70":"0",
    "UN":0
  },
  {
    "DAY":"2010-05-26",
    "HOUR":8,
    "2":20,
    "3":1,
    "5":14,
    "7":5,
    "10":0,
    "13":0,
    "16":0,
    "19":0,
    "21":0,
    "25":0,
    "30":0,
    "35":0,
    "40":0,
    "45":0,
    "50":0,
    "55":0,
    "60":"0",
    "65":"0",
    "70":"0",
    "UN":0
  },
  {
    "DAY":"2010-05-26",
    "HOUR":9,
    "2":79,
    "3":16,
    "5":22,
    "7":10,
    "10":15,
    "13":6,
    "16":11,
    "19":4,
    "21":0,
    "25":0,
    "30":0,
    "35":0,
    "40":0,
    "45":0,
    "50":0,
    "55":0,
    "60":"0",
    "65":"0",
    "70":"0",
    "UN":0
  },
  {
    "DAY":"2010-05-26",
    "HOUR":10,
    "2":88,
    "3":6,
    "5":54,
    "7":16,
    "10":0,
    "13":0,
    "16":0,
    "19":0,
    "21":0,
    "25":0,
    "30":0,
    "35":0,
    "40":0,
    "45":0,
    "50":0,
    "55":0,
    "60":"0",
    "65":"0",
    "70":"0",
    "UN":0
  },
  {
    "DAY":"2010-05-26",
    "HOUR":11,
    "2":184,
    "3":11,
    "5":46,
    "7":6,
    "10":5,
    "13":5,
    "16":6,
    "19":0,
    "21":0,
    "25":0,
    "30":0,
    "35":0,
    "40":0,
    "45":0,
    "50":0,
    "55":0,
    "60":"0",
    "65":"0",
    "70":"0",
    "UN":0
  },
  {
    "DAY":"2010-05-26",
    "HOUR":13,
    "2":191,
    "3":35,
    "5":57,
    "7":8,
    "10":10,
    "13":3,
    "16":0,
    "19":0,
    "21":0,
    "25":0,
    "30":0,
    "35":0,
    "40":0,
    "45":0,
    "50":0,
    "55":0,
    "60":"0",
    "65":"0",
    "70":"0",
    "UN":0
  },
  {
    "DAY":"2010-05-26",
    "HOUR":14,
    "2":228,
    "3":26,
    "5":39,
    "7":13,
    "10":31,
    "13":20,
    "16":4,
    "19":0,
    "21":0,
    "25":0,
    "30":0,
    "35":0,
    "40":0,
    "45":0,
    "50":0,
    "55":0,
    "60":"0",
    "65":"0",
    "70":"0",
    "UN":0
  },
  {
    "DAY":"2010-05-26",
    "HOUR":15,
    "2":568,
    "3":24,
    "5":104,
    "7":63,
    "10":43,
    "13":26,
    "16":5,
    "19":5,
    "21":0,
    "25":5,
    "30":0,
    "35":0,
    "40":0,
    "45":0,
    "50":0,
    "55":0,
    "60":"0",
    "65":"0",
    "70":"0",
    "UN":0
  },
  {
    "DAY":"2010-05-26",
    "HOUR":16,
    "2":208,
    "3":26,
    "5":75,
    "7":25,
    "10":32,
    "13":27,
    "16":2,
    "19":0,
    "21":0,
    "25":0,
    "30":0,
    "35":0,
    "40":0,
    "45":0,
    "50":0,
    "55":0,
    "60":"0",
    "65":"0",
    "70":"0",
    "UN":0
  },
  {
    "DAY":"2010-05-26",
    "HOUR":17,
    "2":24,
    "3":7,
    "5":10,
    "7":0,
    "10":0,
    "13":0,
    "16":0,
    "19":0,
    "21":0,
    "25":0,
    "30":0,
    "35":0,
    "40":0,
    "45":0,
    "50":0,
    "55":0,
    "60":"0",
    "65":"0",
    "70":"0",
    "UN":0
  },
  {
    "DAY":"2010-05-26",
    "HOUR":18,
    "2":145,
    "3":18,
    "5":37,
    "7":4,
    "10":4,
    "13":7,
    "16":5,
    "19":2,
    "21":0,
    "25":0,
    "30":0,
    "35":0,
    "40":0,
    "45":0,
    "50":0,
    "55":0,
    "60":"0",
    "65":"0",
    "70":"0",
    "UN":0
  },
  {
    "DAY":"2010-05-26",
    "HOUR":19,
    "2":30,
    "3":3,
    "5":14,
    "7":1,
    "10":0,
    "13":0,
    "16":0,
    "19":0,
    "21":0,
    "25":0,
    "30":0,
    "35":0,
    "40":0,
    "45":0,
    "50":0,
    "55":0,
    "60":"0",
    "65":"0",
    "70":"0",
    "UN":0
  },
  {
    "DAY":"2010-05-26",
    "HOUR":20,
    "2":273,
    "3":22,
    "5":45,
    "7":18,
    "10":17,
    "13":14,
    "16":6,
    "19":6,
    "21":3,
    "25":0,
    "30":0,
    "35":0,
    "40":0,
    "45":0,
    "50":0,
    "55":0,
    "60":"0",
    "65":"0",
    "70":"0",
    "UN":0
  },
  {
    "DAY":"2010-05-26",
    "HOUR":21,
    "2":141,
    "3":8,
    "5":18,
    "7":8,
    "10":0,
    "13":0,
    "16":0,
    "19":0,
    "21":0,
    "25":0,
    "30":0,
    "35":0,
    "40":0,
    "45":0,
    "50":0,
    "55":0,
    "60":"0",
    "65":"0",
    "70":"0",
    "UN":0
  },
  {
    "DAY":"2010-05-26",
    "HOUR":22,
    "2":692,
    "3":48,
    "5":111,
    "7":10,
    "10":11,
    "13":3,
    "16":2,
    "19":3,
    "21":2,
    "25":1,
    "30":0,
    "35":0,
    "40":0,
    "45":0,
    "50":0,
    "55":0,
    "60":"0",
    "65":"0",
    "70":"0",
    "UN":0
  },
  {
    "DAY":"2010-05-26",
    "HOUR":23,
    "2":89,
    "3":20,
    "5":44,
    "7":5,
    "10":2,
    "13":0,
    "16":0,
    "19":0,
    "21":0,
    "25":0,
    "30":0,
    "35":0,
    "40":0,
    "45":0,
    "50":0,
    "55":0,
    "60":"0",
    "65":"0",
    "70":"0",
    "UN":0
  },
  {
    "DAY":"2010-05-27",
    "HOUR":0,
    "2":147,
    "3":35,
    "5":46,
    "7":4,
    "10":9,
    "13":0,
    "16":0,
    "19":0,
    "21":0,
    "25":0,
    "30":0,
    "35":0,
    "40":0,
    "45":0,
    "50":0,
    "55":0,
    "60":"0",
    "65":"0",
    "70":"0",
    "UN":0
  },
  {
    "DAY":"2010-05-27",
    "HOUR":1,
    "2":87,
    "3":13,
    "5":32,
    "7":2,
    "10":9,
    "13":2,
    "16":0,
    "19":0,
    "21":0,
    "25":0,
    "30":0,
    "35":0,
    "40":0,
    "45":0,
    "50":0,
    "55":0,
    "60":"0",
    "65":"0",
    "70":"0",
    "UN":0
  },
  {
    "DAY":"2010-05-27",
    "HOUR":2,
    "2":312,
    "3":16,
    "5":27,
    "7":4,
    "10":10,
    "13":9,
    "16":7,
    "19":0,
    "21":0,
    "25":0,
    "30":0,
    "35":0,
    "40":0,
    "45":0,
    "50":0,
    "55":0,
    "60":"0",
    "65":"0",
    "70":"0",
    "UN":0
  },
  {
    "DAY":"2010-05-27",
    "HOUR":3,
    "2":130,
    "3":13,
    "5":51,
    "7":0,
    "10":0,
    "13":0,
    "16":0,
    "19":0,
    "21":0,
    "25":0,
    "30":0,
    "35":0,
    "40":0,
    "45":0,
    "50":0,
    "55":0,
    "60":"0",
    "65":"0",
    "70":"0",
    "UN":0
  },
  {
    "DAY":"2010-05-27",
    "HOUR":4,
    "2":48,
    "3":3,
    "5":29,
    "7":4,
    "10":3,
    "13":0,
    "16":0,
    "19":0,
    "21":0,
    "25":0,
    "30":0,
    "35":0,
    "40":0,
    "45":0,
    "50":0,
    "55":0,
    "60":"0",
    "65":"0",
    "70":"0",
    "UN":0
  },
  {
    "DAY":"2010-05-27",
    "HOUR":5,
    "2":30,
    "3":3,
    "5":14,
    "7":0,
    "10":0,
    "13":0,
    "16":0,
    "19":0,
    "21":0,
    "25":0,
    "30":0,
    "35":0,
    "40":0,
    "45":0,
    "50":0,
    "55":0,
    "60":"0",
    "65":"0",
    "70":"0",
    "UN":0
  },
  {
    "DAY":"2010-05-27",
    "HOUR":6,
    "2":476,
    "3":24,
    "5":46,
    "7":26,
    "10":21,
    "13":6,
    "16":5,
    "19":8,
    "21":4,
    "25":4,
    "30":0,
    "35":0,
    "40":0,
    "45":0,
    "50":0,
    "55":0,
    "60":"0",
    "65":"0",
    "70":"0",
    "UN":0
  },
  {
    "DAY":"2010-05-27",
    "HOUR":7,
    "2":98,
    "3":10,
    "5":38,
    "7":11,
    "10":10,
    "13":3,
    "16":0,
    "19":0,
    "21":0,
    "25":0,
    "30":0,
    "35":0,
    "40":0,
    "45":0,
    "50":0,
    "55":0,
    "60":"0",
    "65":"0",
    "70":"0",
    "UN":0
  },
  {
    "DAY":"2010-05-27",
    "HOUR":8,
    "2":37,
    "3":7,
    "5":21,
    "7":9,
    "10":0,
    "13":0,
    "16":0,
    "19":0,
    "21":0,
    "25":0,
    "30":0,
    "35":0,
    "40":0,
    "45":0,
    "50":0,
    "55":0,
    "60":"0",
    "65":"0",
    "70":"0",
    "UN":0
  },
  {
    "DAY":"2010-05-27",
    "HOUR":9,
    "2":26,
    "3":15,
    "5":16,
    "7":0,
    "10":0,
    "13":0,
    "16":0,
    "19":0,
    "21":0,
    "25":0,
    "30":0,
    "35":0,
    "40":0,
    "45":0,
    "50":0,
    "55":0,
    "60":"0",
    "65":"0",
    "70":"0",
    "UN":0
  },
  {
    "DAY":"2010-05-27",
    "HOUR":10,
    "2":28,
    "3":4,
    "5":14,
    "7":0,
    "10":0,
    "13":0,
    "16":0,
    "19":0,
    "21":0,
    "25":0,
    "30":0,
    "35":0,
    "40":0,
    "45":0,
    "50":0,
    "55":0,
    "60":"0",
    "65":"0",
    "70":"0",
    "UN":0
  },
  {
    "DAY":"2010-05-27",
    "HOUR":11,
    "2":260,
    "3":16,
    "5":26,
    "7":10,
    "10":1,
    "13":2,
    "16":3,
    "19":1,
    "21":0,
    "25":0,
    "30":0,
    "35":0,
    "40":0,
    "45":0,
    "50":0,
    "55":0,
    "60":"0",
    "65":"0",
    "70":"0",
    "UN":0
  },
  {
    "DAY":"2010-05-27",
    "HOUR":12,
    "2":244,
    "3":8,
    "5":17,
    "7":8,
    "10":4,
    "13":0,
    "16":0,
    "19":0,
    "21":0,
    "25":0,
    "30":0,
    "35":0,
    "40":0,
    "45":0,
    "50":0,
    "55":0,
    "60":"0",
    "65":"0",
    "70":"0",
    "UN":0
  },
  {
    "DAY":"2010-05-27",
    "HOUR":13,
    "2":493,
    "3":20,
    "5":48,
    "7":16,
    "10":25,
    "13":3,
    "16":10,
    "19":11,
    "21":7,
    "25":5,
    "30":0,
    "35":0,
    "40":0,
    "45":0,
    "50":0,
    "55":0,
    "60":"0",
    "65":"0",
    "70":"0",
    "UN":0
  },
  {
    "DAY":"2010-05-27",
    "HOUR":14,
    "2":304,
    "3":9,
    "5":28,
    "7":10,
    "10":26,
    "13":13,
    "16":12,
    "19":6,
    "21":0,
    "25":0,
    "30":0,
    "35":0,
    "40":0,
    "45":0,
    "50":0,
    "55":0,
    "60":"0",
    "65":"0",
    "70":"0",
    "UN":0
  },
  {
    "DAY":"2010-05-27",
    "HOUR":15,
    "2":28,
    "3":4,
    "5":13,
    "7":5,
    "10":0,
    "13":0,
    "16":0,
    "19":0,
    "21":0,
    "25":0,
    "30":0,
    "35":0,
    "40":0,
    "45":0,
    "50":0,
    "55":0,
    "60":"0",
    "65":"0",
    "70":"0",
    "UN":0
  },
  {
    "DAY":"2010-05-27",
    "HOUR":16,
    "2":134,
    "3":3,
    "5":13,
    "7":2,
    "10":4,
    "13":2,
    "16":0,
    "19":0,
    "21":0,
    "25":0,
    "30":0,
    "35":0,
    "40":0,
    "45":0,
    "50":0,
    "55":0,
    "60":"0",
    "65":"0",
    "70":"0",
    "UN":0
  },
  {
    "DAY":"2010-05-27",
    "HOUR":17,
    "2":21,
    "3":1,
    "5":6,
    "7":8,
    "10":0,
    "13":0,
    "16":0,
    "19":0,
    "21":0,
    "25":0,
    "30":0,
    "35":0,
    "40":0,
    "45":0,
    "50":0,
    "55":0,
    "60":"0",
    "65":"0",
    "70":"0",
    "UN":0
  },
  {
    "DAY":"2010-05-27",
    "HOUR":18,
    "2":330,
    "3":18,
    "5":14,
    "7":9,
    "10":5,
    "13":0,
    "16":0,
    "19":0,
    "21":0,
    "25":0,
    "30":0,
    "35":0,
    "40":0,
    "45":0,
    "50":0,
    "55":0,
    "60":"0",
    "65":"0",
    "70":"0",
    "UN":0
  },
  {
    "DAY":"2010-05-27",
    "HOUR":19,
    "2":151,
    "3":10,
    "5":44,
    "7":15,
    "10":2,
    "13":0,
    "16":0,
    "19":0,
    "21":0,
    "25":0,
    "30":0,
    "35":0,
    "40":0,
    "45":0,
    "50":0,
    "55":0,
    "60":"0",
    "65":"0",
    "70":"0",
    "UN":0
  }
]
