[
  {
    "DAY":"2010-05-23",
    "HOUR":20,
    "2":424,
    "3":42,
    "5":66,
    "7":45,
    "10":68,
    "13":31,
    "16":10,
    "19":5,
    "21":1,
    "25":4,
    "30":0,
    "35":1,
    "40":2,
    "45":0,
    "50":0,
    "55":2,
    "60":1,
    "65":2,
    "70":1,
    "75":1,
    "80":0,
    "85":0,
    "90":0,
    "95":0,
    "100":0
  },
  {
    "DAY":"2010-05-23",
    "HOUR":21,
    "2":159,
    "3":13,
    "5":3,
    "7":0,
    "10":2,
    "13":0,
    "16":0,
    "19":0,
    "21":0,
    "25":0,
    "30":0,
    "35":0,
    "40":0,
    "45":0,
    "50":0,
    "55":0,
    "60":0,
    "65":0,
    "70":0,
    "75":0,
    "80":0,
    "85":0,
    "90":0,
    "95":0,
    "100":0
  },
  {
    "DAY":"2010-05-23",
    "HOUR":23,
    "2":74,
    "3":2,
    "5":11,
    "7":5,
    "10":5,
    "13":0,
    "16":0,
    "19":0,
    "21":0,
    "25":0,
    "30":0,
    "35":0,
    "40":0,
    "45":0,
    "50":0,
    "55":0,
    "60":0,
    "65":0,
    "70":0,
    "75":0,
    "80":0,
    "85":0,
    "90":0,
    "95":0,
    "100":0
  },
  {
    "DAY":"2010-05-24",
    "HOUR":0,
    "2":68,
    "3":2,
    "5":12,
    "7":27,
    "10":5,
    "13":2,
    "16":7,
    "19":5,
    "21":0,
    "25":4,
    "30":2,
    "35":1,
    "40":3,
    "45":0,
    "50":0,
    "55":0,
    "60":0,
    "65":0,
    "70":0,
    "75":0,
    "80":0,
    "85":0,
    "90":0,
    "95":0,
    "100":0
  },
  {
    "DAY":"2010-05-24",
    "HOUR":4,
    "2":71,
    "3":2,
    "5":7,
    "7":10,
    "10":11,
    "13":2,
    "16":5,
    "19":2,
    "21":3,
    "25":5,
    "30":6,
    "35":3,
    "40":4,
    "45":3,
    "50":0,
    "55":0,
    "60":0,
    "65":0,
    "70":0,
    "75":0,
    "80":0,
    "85":0,
    "90":0,
    "95":0,
    "100":0
  },
  {
    "DAY":"2010-05-24",
    "HOUR":5,
    "2":100,
    "3":9,
    "5":9,
    "7":8,
    "10":0,
    "13":0,
    "16":0,
    "19":0,
    "21":0,
    "25":0,
    "30":0,
    "35":0,
    "40":0,
    "45":0,
    "50":0,
    "55":0,
    "60":0,
    "65":0,
    "70":0,
    "75":0,
    "80":0,
    "85":0,
    "90":0,
    "95":0,
    "100":0
  },
  {
    "DAY":"2010-05-24",
    "HOUR":7,
    "2":9,
    "3":0,
    "5":0,
    "7":0,
    "10":0,
    "13":0,
    "16":2,
    "19":1,
    "21":0,
    "25":0,
    "30":2,
    "35":0,
    "40":3,
    "45":0,
    "50":0,
    "55":0,
    "60":0,
    "65":0,
    "70":0,
    "75":0,
    "80":0,
    "85":0,
    "90":0,
    "95":0,
    "100":0
  },
  {
    "DAY":"2010-05-24",
    "HOUR":8,
    "2":18,
    "3":0,
    "5":1,
    "7":1,
    "10":1,
    "13":1,
    "16":1,
    "19":3,
    "21":2,
    "25":6,
    "30":0,
    "35":0,
    "40":0,
    "45":0,
    "50":0,
    "55":0,
    "60":0,
    "65":0,
    "70":0,
    "75":0,
    "80":0,
    "85":0,
    "90":0,
    "95":0,
    "100":0
  },
  {
    "DAY":"2010-05-24",
    "HOUR":9,
    "2":210,
    "3":17,
    "5":21,
    "7":2,
    "10":1,
    "13":1,
    "16":0,
    "19":0,
    "21":1,
    "25":2,
    "30":0,
    "35":0,
    "40":3,
    "45":0,
    "50":0,
    "55":0,
    "60":0,
    "65":0,
    "70":0,
    "75":0,
    "80":0,
    "85":0,
    "90":0,
    "95":0,
    "100":0
  },
  {
    "DAY":"2010-05-24",
    "HOUR":10,
    "2":190,
    "3":0,
    "5":0,
    "7":0,
    "10":0,
    "13":0,
    "16":0,
    "19":0,
    "21":0,
    "25":0,
    "30":0,
    "35":0,
    "40":0,
    "45":0,
    "50":0,
    "55":0,
    "60":0,
    "65":0,
    "70":0,
    "75":0,
    "80":0,
    "85":0,
    "90":0,
    "95":0,
    "100":0
  },
  {
    "DAY":"2010-05-24",
    "HOUR":11,
    "2":232,
    "3":23,
    "5":23,
    "7":8,
    "10":4,
    "13":0,
    "16":0,
    "19":0,
    "21":0,
    "25":0,
    "30":0,
    "35":0,
    "40":0,
    "45":0,
    "50":0,
    "55":0,
    "60":0,
    "65":0,
    "70":0,
    "75":0,
    "80":0,
    "85":0,
    "90":0,
    "95":0,
    "100":0
  },
  {
    "DAY":"2010-05-24",
    "HOUR":13,
    "2":439,
    "3":3,
    "5":15,
    "7":14,
    "10":20,
    "13":2,
    "16":3,
    "19":4,
    "21":1,
    "25":2,
    "30":4,
    "35":0,
    "40":0,
    "45":0,
    "50":0,
    "55":0,
    "60":0,
    "65":0,
    "70":0,
    "75":0,
    "80":0,
    "85":0,
    "90":0,
    "95":0,
    "100":0
  },
  {
    "DAY":"2010-05-24",
    "HOUR":15,
    "2":207,
    "3":36,
    "5":53,
    "7":20,
    "10":11,
    "13":11,
    "16":19,
    "19":14,
    "21":1,
    "25":0,
    "30":0,
    "35":0,
    "40":0,
    "45":0,
    "50":0,
    "55":0,
    "60":0,
    "65":0,
    "70":0,
    "75":0,
    "80":0,
    "85":0,
    "90":0,
    "95":0,
    "100":0
  },
  {
    "DAY":"2010-05-24",
    "HOUR":16,
    "2":17,
    "3":0,
    "5":1,
    "7":0,
    "10":1,
    "13":3,
    "16":2,
    "19":4,
    "21":2,
    "25":1,
    "30":2,
    "35":0,
    "40":2,
    "45":0,
    "50":0,
    "55":0,
    "60":0,
    "65":0,
    "70":0,
    "75":0,
    "80":0,
    "85":0,
    "90":0,
    "95":0,
    "100":0
  },
  {
    "DAY":"2010-05-24",
    "HOUR":17,
    "2":197,
    "3":2,
    "5":3,
    "7":3,
    "10":4,
    "13":6,
    "16":7,
    "19":0,
    "21":0,
    "25":0,
    "30":0,
    "35":0,
    "40":0,
    "45":0,
    "50":0,
    "55":0,
    "60":0,
    "65":0,
    "70":0,
    "75":0,
    "80":0,
    "85":0,
    "90":0,
    "95":0,
    "100":0
  },
  {
    "DAY":"2010-05-24",
    "HOUR":18,
    "2":428,
    "3":20,
    "5":8,
    "7":4,
    "10":10,
    "13":6,
    "16":4,
    "19":3,
    "21":1,
    "25":1,
    "30":2,
    "35":1,
    "40":0,
    "45":0,
    "50":0,
    "55":0,
    "60":0,
    "65":0,
    "70":0,
    "75":0,
    "80":0,
    "85":0,
    "90":0,
    "95":0,
    "100":0
  },
  {
    "DAY":"2010-05-24",
    "HOUR":19,
    "2":20,
    "3":0,
    "5":1,
    "7":1,
    "10":6,
    "13":0,
    "16":0,
    "19":0,
    "21":0,
    "25":0,
    "30":0,
    "35":0,
    "40":0,
    "45":0,
    "50":0,
    "55":0,
    "60":0,
    "65":0,
    "70":0,
    "75":0,
    "80":0,
    "85":0,
    "90":0,
    "95":0,
    "100":0
  },
  {
    "DAY":"2010-05-24",
    "HOUR":20,
    "2":104,
    "3":11,
    "5":16,
    "7":13,
    "10":12,
    "13":11,
    "16":15,
    "19":10,
    "21":1,
    "25":1,
    "30":1,
    "35":3,
    "40":1,
    "45":0,
    "50":5,
    "55":4,
    "60":0,
    "65":2,
    "70":0,
    "75":5,
    "80":2,
    "85":0,
    "90":1,
    "95":1,
    "100":0
  },
  {
    "DAY":"2010-05-24",
    "HOUR":21,
    "2":417,
    "3":67,
    "5":84,
    "7":52,
    "10":13,
    "13":14,
    "16":9,
    "19":7,
    "21":3,
    "25":2,
    "30":4,
    "35":5,
    "40":2,
    "45":1,
    "50":1,
    "55":1,
    "60":3,
    "65":1,
    "70":0,
    "75":0,
    "80":0,
    "85":0,
    "90":0,
    "95":0,
    "100":0
  },
  {
    "DAY":"2010-05-24",
    "HOUR":22,
    "2":268,
    "3":9,
    "5":15,
    "7":20,
    "10":37,
    "13":46,
    "16":45,
    "19":26,
    "21":21,
    "25":11,
    "30":2,
    "35":0,
    "40":0,
    "45":0,
    "50":0,
    "55":0,
    "60":0,
    "65":0,
    "70":0,
    "75":0,
    "80":0,
    "85":0,
    "90":0,
    "95":0,
    "100":0
  },
  {
    "DAY":"2010-05-24",
    "HOUR":23,
    "2":126,
    "3":11,
    "5":22,
    "7":6,
    "10":4,
    "13":1,
    "16":0,
    "19":0,
    "21":1,
    "25":3,
    "30":0,
    "35":3,
    "40":4,
    "45":6,
    "50":0,
    "55":2,
    "60":1,
    "65":0,
    "70":0,
    "75":0,
    "80":0,
    "85":0,
    "90":0,
    "95":0,
    "100":0
  },
  {
    "DAY":"2010-05-25",
    "HOUR":0,
    "2":168,
    "3":17,
    "5":32,
    "7":37,
    "10":39,
    "13":20,
    "16":8,
    "19":8,
    "21":1,
    "25":4,
    "30":1,
    "35":0,
    "40":1,
    "45":0,
    "50":1,
    "55":1,
    "60":0,
    "65":0,
    "70":6,
    "75":2,
    "80":4,
    "85":1,
    "90":0,
    "95":0,
    "100":0
  },
  {
    "DAY":"2010-05-25",
    "HOUR":1,
    "2":12,
    "3":0,
    "5":0,
    "7":0,
    "10":0,
    "13":0,
    "16":0,
    "19":0,
    "21":0,
    "25":0,
    "30":0,
    "35":0,
    "40":0,
    "45":0,
    "50":0,
    "55":0,
    "60":0,
    "65":0,
    "70":0,
    "75":0,
    "80":0,
    "85":0,
    "90":0,
    "95":0,
    "100":0
  },
  {
    "DAY":"2010-05-25",
    "HOUR":2,
    "2":33,
    "3":2,
    "5":7,
    "7":6,
    "10":4,
    "13":2,
    "16":2,
    "19":12,
    "21":4,
    "25":0,
    "30":0,
    "35":0,
    "40":0,
    "45":0,
    "50":0,
    "55":0,
    "60":0,
    "65":0,
    "70":0,
    "75":0,
    "80":0,
    "85":0,
    "90":0,
    "95":0,
    "100":0
  },
  {
    "DAY":"2010-05-25",
    "HOUR":3,
    "2":17,
    "3":2,
    "5":6,
    "7":1,
    "10":6,
    "13":0,
    "16":2,
    "19":3,
    "21":1,
    "25":1,
    "30":4,
    "35":3,
    "40":4,
    "45":2,
    "50":0,
    "55":0,
    "60":0,
    "65":0,
    "70":0,
    "75":0,
    "80":0,
    "85":0,
    "90":0,
    "95":0,
    "100":0
  },
  {
    "DAY":"2010-05-25",
    "HOUR":4,
    "2":17,
    "3":4,
    "5":5,
    "7":1,
    "10":0,
    "13":2,
    "16":2,
    "19":5,
    "21":2,
    "25":2,
    "30":2,
    "35":0,
    "40":1,
    "45":2,
    "50":2,
    "55":1,
    "60":0,
    "65":0,
    "70":0,
    "75":0,
    "80":0,
    "85":0,
    "90":0,
    "95":0,
    "100":0
  },
  {
    "DAY":"2010-05-25",
    "HOUR":5,
    "2":78,
    "3":8,
    "5":9,
    "7":7,
    "10":9,
    "13":5,
    "16":1,
    "19":0,
    "21":0,
    "25":0,
    "30":0,
    "35":0,
    "40":0,
    "45":0,
    "50":0,
    "55":0,
    "60":0,
    "65":0,
    "70":0,
    "75":0,
    "80":0,
    "85":0,
    "90":0,
    "95":0,
    "100":0
  },
  {
    "DAY":"2010-05-25",
    "HOUR":6,
    "2":594,
    "3":80,
    "5":85,
    "7":37,
    "10":18,
    "13":10,
    "16":5,
    "19":0,
    "21":0,
    "25":0,
    "30":0,
    "35":0,
    "40":0,
    "45":0,
    "50":0,
    "55":0,
    "60":0,
    "65":0,
    "70":0,
    "75":0,
    "80":0,
    "85":0,
    "90":0,
    "95":0,
    "100":0
  },
  {
    "DAY":"2010-05-25",
    "HOUR":7,
    "2":73,
    "3":0,
    "5":0,
    "7":0,
    "10":0,
    "13":0,
    "16":0,
    "19":0,
    "21":0,
    "25":0,
    "30":0,
    "35":0,
    "40":0,
    "45":0,
    "50":0,
    "55":0,
    "60":0,
    "65":0,
    "70":0,
    "75":0,
    "80":0,
    "85":0,
    "90":0,
    "95":0,
    "100":0
  },
  {
    "DAY":"2010-05-25",
    "HOUR":8,
    "2":542,
    "3":86,
    "5":96,
    "7":33,
    "10":7,
    "13":0,
    "16":2,
    "19":0,
    "21":0,
    "25":1,
    "30":2,
    "35":0,
    "40":2,
    "45":2,
    "50":0,
    "55":0,
    "60":0,
    "65":0,
    "70":0,
    "75":0,
    "80":0,
    "85":0,
    "90":0,
    "95":0,
    "100":0
  },
  {
    "DAY":"2010-05-25",
    "HOUR":10,
    "2":179,
    "3":8,
    "5":14,
    "7":5,
    "10":8,
    "13":1,
    "16":0,
    "19":4,
    "21":1,
    "25":8,
    "30":2,
    "35":4,
    "40":4,
    "45":3,
    "50":2,
    "55":1,
    "60":0,
    "65":1,
    "70":0,
    "75":3,
    "80":2,
    "85":1,
    "90":1,
    "95":3,
    "100":1
  },
  {
    "DAY":"2010-05-25",
    "HOUR":12,
    "2":97,
    "3":14,
    "5":18,
    "7":6,
    "10":7,
    "13":1,
    "16":2,
    "19":2,
    "21":3,
    "25":2,
    "30":1,
    "35":1,
    "40":2,
    "45":1,
    "50":4,
    "55":6,
    "60":7,
    "65":3,
    "70":1,
    "75":1,
    "80":0,
    "85":1,
    "90":0,
    "95":0,
    "100":0
  },
  {
    "DAY":"2010-05-25",
    "HOUR":14,
    "2":46,
    "3":1,
    "5":8,
    "7":1,
    "10":3,
    "13":0,
    "16":1,
    "19":1,
    "21":0,
    "25":2,
    "30":1,
    "35":2,
    "40":4,
    "45":1,
    "50":0,
    "55":0,
    "60":0,
    "65":0,
    "70":0,
    "75":0,
    "80":0,
    "85":0,
    "90":0,
    "95":0,
    "100":0
  },
  {
    "DAY":"2010-05-25",
    "HOUR":15,
    "2":133,
    "3":10,
    "5":23,
    "7":24,
    "10":23,
    "13":29,
    "16":3,
    "19":0,
    "21":0,
    "25":0,
    "30":0,
    "35":0,
    "40":0,
    "45":0,
    "50":0,
    "55":0,
    "60":0,
    "65":0,
    "70":0,
    "75":0,
    "80":0,
    "85":0,
    "90":0,
    "95":0,
    "100":0
  },
  {
    "DAY":"2010-05-25",
    "HOUR":16,
    "2":8,
    "3":3,
    "5":1,
    "7":3,
    "10":7,
    "13":2,
    "16":4,
    "19":3,
    "21":0,
    "25":0,
    "30":0,
    "35":0,
    "40":0,
    "45":0,
    "50":0,
    "55":0,
    "60":0,
    "65":0,
    "70":0,
    "75":0,
    "80":0,
    "85":0,
    "90":0,
    "95":0,
    "100":0
  },
  {
    "DAY":"2010-05-25",
    "HOUR":17,
    "2":39,
    "3":3,
    "5":8,
    "7":11,
    "10":14,
    "13":7,
    "16":4,
    "19":7,
    "21":3,
    "25":2,
    "30":0,
    "35":0,
    "40":0,
    "45":0,
    "50":0,
    "55":0,
    "60":0,
    "65":0,
    "70":0,
    "75":0,
    "80":0,
    "85":0,
    "90":0,
    "95":0,
    "100":0
  },
  {
    "DAY":"2010-05-25",
    "HOUR":18,
    "2":10,
    "3":0,
    "5":7,
    "7":2,
    "10":5,
    "13":0,
    "16":0,
    "19":0,
    "21":0,
    "25":0,
    "30":0,
    "35":0,
    "40":0,
    "45":0,
    "50":0,
    "55":0,
    "60":0,
    "65":0,
    "70":0,
    "75":0,
    "80":0,
    "85":0,
    "90":0,
    "95":0,
    "100":0
  },
  {
    "DAY":"2010-05-25",
    "HOUR":19,
    "2":107,
    "3":16,
    "5":28,
    "7":19,
    "10":6,
    "13":6,
    "16":0,
    "19":0,
    "21":0,
    "25":0,
    "30":0,
    "35":0,
    "40":0,
    "45":0,
    "50":0,
    "55":0,
    "60":0,
    "65":0,
    "70":0,
    "75":0,
    "80":0,
    "85":0,
    "90":0,
    "95":0,
    "100":0
  },
  {
    "DAY":"2010-05-25",
    "HOUR":20,
    "2":46,
    "3":8,
    "5":11,
    "7":12,
    "10":16,
    "13":3,
    "16":2,
    "19":0,
    "21":0,
    "25":0,
    "30":0,
    "35":0,
    "40":0,
    "45":0,
    "50":0,
    "55":0,
    "60":0,
    "65":0,
    "70":0,
    "75":0,
    "80":0,
    "85":0,
    "90":0,
    "95":0,
    "100":0
  },
  {
    "DAY":"2010-05-25",
    "HOUR":21,
    "2":486,
    "3":45,
    "5":85,
    "7":44,
    "10":84,
    "13":39,
    "16":31,
    "19":16,
    "21":5,
    "25":6,
    "30":0,
    "35":0,
    "40":0,
    "45":0,
    "50":0,
    "55":0,
    "60":0,
    "65":0,
    "70":0,
    "75":0,
    "80":0,
    "85":0,
    "90":0,
    "95":0,
    "100":0
  },
  {
    "DAY":"2010-05-25",
    "HOUR":22,
    "2":40,
    "3":3,
    "5":6,
    "7":9,
    "10":1,
    "13":1,
    "16":4,
    "19":0,
    "21":0,
    "25":0,
    "30":1,
    "35":1,
    "40":1,
    "45":0,
    "50":2,
    "55":2,
    "60":0,
    "65":0,
    "70":0,
    "75":0,
    "80":0,
    "85":0,
    "90":0,
    "95":0,
    "100":0
  },
  {
    "DAY":"2010-05-25",
    "HOUR":23,
    "2":86,
    "3":2,
    "5":22,
    "7":23,
    "10":41,
    "13":14,
    "16":11,
    "19":5,
    "21":3,
    "25":0,
    "30":0,
    "35":0,
    "40":0,
    "45":0,
    "50":0,
    "55":0,
    "60":0,
    "65":0,
    "70":0,
    "75":0,
    "80":0,
    "85":0,
    "90":0,
    "95":0,
    "100":0
  },
  {
    "DAY":"2010-05-26",
    "HOUR":0,
    "2":99,
    "3":7,
    "5":10,
    "7":9,
    "10":9,
    "13":13,
    "16":2,
    "19":1,
    "21":0,
    "25":2,
    "30":2,
    "35":2,
    "40":0,
    "45":0,
    "50":0,
    "55":0,
    "60":0,
    "65":0,
    "70":0,
    "75":0,
    "80":0,
    "85":0,
    "90":0,
    "95":0,
    "100":0
  },
  {
    "DAY":"2010-05-26",
    "HOUR":3,
    "2":345,
    "3":29,
    "5":46,
    "7":29,
    "10":31,
    "13":16,
    "16":16,
    "19":22,
    "21":11,
    "25":6,
    "30":0,
    "35":0,
    "40":0,
    "45":0,
    "50":0,
    "55":0,
    "60":0,
    "65":0,
    "70":0,
    "75":0,
    "80":0,
    "85":0,
    "90":0,
    "95":0,
    "100":0
  },
  {
    "DAY":"2010-05-26",
    "HOUR":4,
    "2":32,
    "3":0,
    "5":2,
    "7":0,
    "10":0,
    "13":0,
    "16":3,
    "19":0,
    "21":3,
    "25":0,
    "30":0,
    "35":0,
    "40":0,
    "45":0,
    "50":0,
    "55":0,
    "60":0,
    "65":0,
    "70":0,
    "75":0,
    "80":0,
    "85":0,
    "90":0,
    "95":0,
    "100":0
  },
  {
    "DAY":"2010-05-26",
    "HOUR":5,
    "2":26,
    "3":1,
    "5":1,
    "7":5,
    "10":8,
    "13":4,
    "16":12,
    "19":1,
    "21":1,
    "25":3,
    "30":1,
    "35":0,
    "40":0,
    "45":0,
    "50":0,
    "55":0,
    "60":0,
    "65":0,
    "70":0,
    "75":0,
    "80":0,
    "85":0,
    "90":0,
    "95":0,
    "100":0
  },
  {
    "DAY":"2010-05-26",
    "HOUR":6,
    "2":167,
    "3":21,
    "5":47,
    "7":41,
    "10":17,
    "13":24,
    "16":18,
    "19":10,
    "21":3,
    "25":4,
    "30":3,
    "35":1,
    "40":2,
    "45":0,
    "50":0,
    "55":0,
    "60":0,
    "65":0,
    "70":0,
    "75":0,
    "80":0,
    "85":0,
    "90":0,
    "95":0,
    "100":0
  },
  {
    "DAY":"2010-05-26",
    "HOUR":7,
    "2":100,
    "3":4,
    "5":14,
    "7":11,
    "10":3,
    "13":0,
    "16":0,
    "19":0,
    "21":0,
    "25":0,
    "30":0,
    "35":0,
    "40":0,
    "45":0,
    "50":0,
    "55":0,
    "60":0,
    "65":0,
    "70":0,
    "75":0,
    "80":0,
    "85":0,
    "90":0,
    "95":0,
    "100":0
  },
  {
    "DAY":"2010-05-26",
    "HOUR":8,
    "2":132,
    "3":13,
    "5":19,
    "7":10,
    "10":8,
    "13":13,
    "16":15,
    "19":6,
    "21":1,
    "25":0,
    "30":1,
    "35":1,
    "40":0,
    "45":4,
    "50":1,
    "55":1,
    "60":1,
    "65":1,
    "70":0,
    "75":0,
    "80":1,
    "85":3,
    "90":0,
    "95":0,
    "100":0
  },
  {
    "DAY":"2010-05-26",
    "HOUR":9,
    "2":60,
    "3":6,
    "5":6,
    "7":2,
    "10":3,
    "13":3,
    "16":5,
    "19":6,
    "21":5,
    "25":5,
    "30":4,
    "35":0,
    "40":2,
    "45":3,
    "50":0,
    "55":0,
    "60":0,
    "65":0,
    "70":0,
    "75":0,
    "80":0,
    "85":0,
    "90":0,
    "95":0,
    "100":0
  },
  {
    "DAY":"2010-05-26",
    "HOUR":10,
    "2":22,
    "3":1,
    "5":3,
    "7":3,
    "10":1,
    "13":1,
    "16":1,
    "19":2,
    "21":2,
    "25":0,
    "30":0,
    "35":0,
    "40":0,
    "45":0,
    "50":0,
    "55":0,
    "60":0,
    "65":0,
    "70":0,
    "75":0,
    "80":0,
    "85":0,
    "90":0,
    "95":0,
    "100":0
  },
  {
    "DAY":"2010-05-26",
    "HOUR":11,
    "2":31,
    "3":5,
    "5":19,
    "7":5,
    "10":12,
    "13":13,
    "16":11,
    "19":4,
    "21":0,
    "25":0,
    "30":0,
    "35":0,
    "40":0,
    "45":0,
    "50":0,
    "55":0,
    "60":0,
    "65":0,
    "70":0,
    "75":0,
    "80":0,
    "85":0,
    "90":0,
    "95":0,
    "100":0
  },
  {
    "DAY":"2010-05-26",
    "HOUR":12,
    "2":588,
    "3":40,
    "5":73,
    "7":26,
    "10":14,
    "13":2,
    "16":9,
    "19":11,
    "21":3,
    "25":7,
    "30":6,
    "35":1,
    "40":2,
    "45":2,
    "50":2,
    "55":4,
    "60":2,
    "65":0,
    "70":0,
    "75":0,
    "80":0,
    "85":0,
    "90":2,
    "95":0,
    "100":0
  },
  {
    "DAY":"2010-05-26",
    "HOUR":13,
    "2":632,
    "3":35,
    "5":61,
    "7":15,
    "10":28,
    "13":12,
    "16":7,
    "19":0,
    "21":1,
    "25":0,
    "30":0,
    "35":2,
    "40":0,
    "45":0,
    "50":1,
    "55":0,
    "60":2,
    "65":0,
    "70":0,
    "75":0,
    "80":0,
    "85":0,
    "90":0,
    "95":0,
    "100":0
  },
  {
    "DAY":"2010-05-26",
    "HOUR":14,
    "2":40,
    "3":1,
    "5":17,
    "7":13,
    "10":7,
    "13":3,
    "16":9,
    "19":7,
    "21":0,
    "25":4,
    "30":7,
    "35":2,
    "40":2,
    "45":1,
    "50":0,
    "55":0,
    "60":2,
    "65":1,
    "70":0,
    "75":0,
    "80":0,
    "85":0,
    "90":0,
    "95":0,
    "100":0
  },
  {
    "DAY":"2010-05-26",
    "HOUR":15,
    "2":214,
    "3":25,
    "5":30,
    "7":27,
    "10":68,
    "13":51,
    "16":41,
    "19":10,
    "21":4,
    "25":0,
    "30":2,
    "35":3,
    "40":3,
    "45":3,
    "50":1,
    "55":0,
    "60":0,
    "65":0,
    "70":0,
    "75":0,
    "80":0,
    "85":0,
    "90":0,
    "95":0,
    "100":0
  },
  {
    "DAY":"2010-05-26",
    "HOUR":16,
    "2":669,
    "3":25,
    "5":76,
    "7":51,
    "10":78,
    "13":38,
    "16":20,
    "19":9,
    "21":1,
    "25":0,
    "30":0,
    "35":0,
    "40":0,
    "45":0,
    "50":0,
    "55":0,
    "60":0,
    "65":0,
    "70":0,
    "75":0,
    "80":0,
    "85":0,
    "90":0,
    "95":0,
    "100":0
  },
  {
    "DAY":"2010-05-26",
    "HOUR":17,
    "2":779,
    "3":52,
    "5":37,
    "7":15,
    "10":8,
    "13":2,
    "16":0,
    "19":0,
    "21":0,
    "25":0,
    "30":0,
    "35":0,
    "40":0,
    "45":0,
    "50":0,
    "55":0,
    "60":0,
    "65":0,
    "70":0,
    "75":0,
    "80":0,
    "85":0,
    "90":0,
    "95":0,
    "100":0
  },
  {
    "DAY":"2010-05-26",
    "HOUR":18,
    "2":276,
    "3":12,
    "5":36,
    "7":31,
    "10":36,
    "13":11,
    "16":0,
    "19":4,
    "21":0,
    "25":2,
    "30":2,
    "35":1,
    "40":1,
    "45":0,
    "50":0,
    "55":2,
    "60":1,
    "65":0,
    "70":2,
    "75":1,
    "80":1,
    "85":1,
    "90":0,
    "95":0,
    "100":4
  },
  {
    "DAY":"2010-05-26",
    "HOUR":19,
    "2":779,
    "3":47,
    "5":73,
    "7":48,
    "10":69,
    "13":31,
    "16":31,
    "19":12,
    "21":6,
    "25":7,
    "30":2,
    "35":1,
    "40":1,
    "45":3,
    "50":0,
    "55":2,
    "60":2,
    "65":1,
    "70":0,
    "75":0,
    "80":0,
    "85":0,
    "90":0,
    "95":0,
    "100":0
  },
  {
    "DAY":"2010-05-26",
    "HOUR":20,
    "2":1461,
    "3":114,
    "5":192,
    "7":122,
    "10":119,
    "13":76,
    "16":32,
    "19":19,
    "21":0,
    "25":0,
    "30":0,
    "35":0,
    "40":0,
    "45":0,
    "50":0,
    "55":0,
    "60":0,
    "65":0,
    "70":0,
    "75":0,
    "80":0,
    "85":0,
    "90":0,
    "95":0,
    "100":0
  },
  {
    "DAY":"2010-05-26",
    "HOUR":21,
    "2":356,
    "3":35,
    "5":74,
    "7":48,
    "10":42,
    "13":26,
    "16":28,
    "19":13,
    "21":0,
    "25":4,
    "30":5,
    "35":3,
    "40":3,
    "45":1,
    "50":2,
    "55":1,
    "60":0,
    "65":0,
    "70":1,
    "75":0,
    "80":1,
    "85":3,
    "90":0,
    "95":0,
    "100":0
  },
  {
    "DAY":"2010-05-26",
    "HOUR":22,
    "2":738,
    "3":72,
    "5":83,
    "7":32,
    "10":22,
    "13":7,
    "16":8,
    "19":6,
    "21":0,
    "25":0,
    "30":1,
    "35":0,
    "40":0,
    "45":0,
    "50":3,
    "55":0,
    "60":0,
    "65":0,
    "70":0,
    "75":0,
    "80":0,
    "85":0,
    "90":0,
    "95":0,
    "100":0
  },
  {
    "DAY":"2010-05-26",
    "HOUR":23,
    "2":647,
    "3":58,
    "5":50,
    "7":17,
    "10":14,
    "13":14,
    "16":7,
    "19":9,
    "21":0,
    "25":1,
    "30":1,
    "35":1,
    "40":2,
    "45":3,
    "50":0,
    "55":0,
    "60":0,
    "65":0,
    "70":0,
    "75":0,
    "80":0,
    "85":0,
    "90":0,
    "95":0,
    "100":0
  },
  {
    "DAY":"2010-05-27",
    "HOUR":0,
    "2":449,
    "3":74,
    "5":88,
    "7":47,
    "10":32,
    "13":13,
    "16":17,
    "19":3,
    "21":0,
    "25":0,
    "30":0,
    "35":0,
    "40":0,
    "45":0,
    "50":0,
    "55":0,
    "60":0,
    "65":0,
    "70":0,
    "75":0,
    "80":0,
    "85":0,
    "90":0,
    "95":0,
    "100":0
  },
  {
    "DAY":"2010-05-27",
    "HOUR":1,
    "2":1165,
    "3":51,
    "5":80,
    "7":67,
    "10":51,
    "13":9,
    "16":12,
    "19":10,
    "21":1,
    "25":6,
    "30":1,
    "35":5,
    "40":13,
    "45":5,
    "50":2,
    "55":0,
    "60":0,
    "65":1,
    "70":1,
    "75":1,
    "80":0,
    "85":0,
    "90":0,
    "95":0,
    "100":0
  },
  {
    "DAY":"2010-05-27",
    "HOUR":2,
    "2":1374,
    "3":67,
    "5":108,
    "7":73,
    "10":32,
    "13":2,
    "16":0,
    "19":0,
    "21":0,
    "25":0,
    "30":0,
    "35":0,
    "40":0,
    "45":0,
    "50":0,
    "55":0,
    "60":0,
    "65":0,
    "70":0,
    "75":0,
    "80":0,
    "85":0,
    "90":0,
    "95":0,
    "100":0
  },
  {
    "DAY":"2010-05-27",
    "HOUR":3,
    "2":1011,
    "3":86,
    "5":93,
    "7":45,
    "10":30,
    "13":2,
    "16":0,
    "19":0,
    "21":0,
    "25":0,
    "30":0,
    "35":0,
    "40":0,
    "45":0,
    "50":0,
    "55":0,
    "60":0,
    "65":0,
    "70":0,
    "75":0,
    "80":0,
    "85":0,
    "90":0,
    "95":0,
    "100":0
  },
  {
    "DAY":"2010-05-27",
    "HOUR":4,
    "2":1483,
    "3":15,
    "5":23,
    "7":10,
    "10":13,
    "13":25,
    "16":3,
    "19":7,
    "21":3,
    "25":0,
    "30":0,
    "35":0,
    "40":0,
    "45":0,
    "50":0,
    "55":0,
    "60":0,
    "65":0,
    "70":0,
    "75":0,
    "80":0,
    "85":0,
    "90":0,
    "95":0,
    "100":0
  },
  {
    "DAY":"2010-05-27",
    "HOUR":5,
    "2":436,
    "3":14,
    "5":14,
    "7":5,
    "10":18,
    "13":8,
    "16":3,
    "19":2,
    "21":0,
    "25":0,
    "30":0,
    "35":0,
    "40":0,
    "45":0,
    "50":0,
    "55":0,
    "60":0,
    "65":0,
    "70":0,
    "75":0,
    "80":0,
    "85":0,
    "90":0,
    "95":0,
    "100":0
  },
  {
    "DAY":"2010-05-27",
    "HOUR":6,
    "2":81,
    "3":17,
    "5":19,
    "7":10,
    "10":7,
    "13":4,
    "16":2,
    "19":5,
    "21":0,
    "25":1,
    "30":1,
    "35":3,
    "40":2,
    "45":0,
    "50":0,
    "55":0,
    "60":0,
    "65":0,
    "70":0,
    "75":0,
    "80":0,
    "85":0,
    "90":0,
    "95":0,
    "100":0
  },
  {
    "DAY":"2010-05-27",
    "HOUR":7,
    "2":381,
    "3":34,
    "5":33,
    "7":23,
    "10":34,
    "13":38,
    "16":18,
    "19":18,
    "21":3,
    "25":4,
    "30":3,
    "35":3,
    "40":1,
    "45":0,
    "50":0,
    "55":0,
    "60":0,
    "65":0,
    "70":0,
    "75":0,
    "80":0,
    "85":0,
    "90":0,
    "95":0,
    "100":0
  },
  {
    "DAY":"2010-05-27",
    "HOUR":8,
    "2":286,
    "3":24,
    "5":24,
    "7":50,
    "10":45,
    "13":15,
    "16":24,
    "19":24,
    "21":14,
    "25":6,
    "30":0,
    "35":0,
    "40":0,
    "45":0,
    "50":0,
    "55":0,
    "60":0,
    "65":0,
    "70":0,
    "75":0,
    "80":0,
    "85":0,
    "90":0,
    "95":0,
    "100":0
  },
  {
    "DAY":"2010-05-27",
    "HOUR":9,
    "2":610,
    "3":47,
    "5":121,
    "7":65,
    "10":46,
    "13":48,
    "16":25,
    "19":20,
    "21":12,
    "25":13,
    "30":4,
    "35":2,
    "40":0,
    "45":0,
    "50":0,
    "55":0,
    "60":0,
    "65":0,
    "70":0,
    "75":0,
    "80":0,
    "85":0,
    "90":0,
    "95":0,
    "100":0
  },
  {
    "DAY":"2010-05-27",
    "HOUR":10,
    "2":284,
    "3":44,
    "5":70,
    "7":49,
    "10":46,
    "13":15,
    "16":32,
    "19":25,
    "21":1,
    "25":4,
    "30":12,
    "35":4,
    "40":0,
    "45":0,
    "50":1,
    "55":1,
    "60":0,
    "65":3,
    "70":0,
    "75":0,
    "80":0,
    "85":0,
    "90":0,
    "95":0,
    "100":0
  },
  {
    "DAY":"2010-05-27",
    "HOUR":11,
    "2":92,
    "3":10,
    "5":18,
    "7":9,
    "10":6,
    "13":8,
    "16":13,
    "19":0,
    "21":0,
    "25":2,
    "30":3,
    "35":3,
    "40":1,
    "45":0,
    "50":0,
    "55":0,
    "60":0,
    "65":0,
    "70":0,
    "75":0,
    "80":0,
    "85":0,
    "90":0,
    "95":0,
    "100":0
  },
  {
    "DAY":"2010-05-27",
    "HOUR":12,
    "2":222,
    "3":20,
    "5":15,
    "7":11,
    "10":9,
    "13":7,
    "16":19,
    "19":20,
    "21":7,
    "25":0,
    "30":0,
    "35":0,
    "40":0,
    "45":0,
    "50":0,
    "55":0,
    "60":0,
    "65":0,
    "70":0,
    "75":0,
    "80":0,
    "85":0,
    "90":0,
    "95":0,
    "100":0
  },
  {
    "DAY":"2010-05-27",
    "HOUR":13,
    "2":185,
    "3":12,
    "5":34,
    "7":25,
    "10":25,
    "13":30,
    "16":13,
    "19":8,
    "21":0,
    "25":0,
    "30":0,
    "35":0,
    "40":0,
    "45":0,
    "50":0,
    "55":0,
    "60":0,
    "65":0,
    "70":0,
    "75":0,
    "80":0,
    "85":0,
    "90":0,
    "95":0,
    "100":0
  },
  {
    "DAY":"2010-05-27",
    "HOUR":14,
    "2":707,
    "3":34,
    "5":109,
    "7":84,
    "10":77,
    "13":25,
    "16":20,
    "19":8,
    "21":1,
    "25":3,
    "30":5,
    "35":0,
    "40":2,
    "45":1,
    "50":1,
    "55":1,
    "60":1,
    "65":3,
    "70":0,
    "75":2,
    "80":3,
    "85":0,
    "90":0,
    "95":0,
    "100":0
  },
  {
    "DAY":"2010-05-27",
    "HOUR":15,
    "2":1012,
    "3":89,
    "5":148,
    "7":85,
    "10":40,
    "13":22,
    "16":1,
    "19":1,
    "21":2,
    "25":0,
    "30":2,
    "35":0,
    "40":1,
    "45":0,
    "50":2,
    "55":0,
    "60":0,
    "65":0,
    "70":0,
    "75":0,
    "80":0,
    "85":0,
    "90":0,
    "95":0,
    "100":0
  },
  {
    "DAY":"2010-05-27",
    "HOUR":16,
    "2":120,
    "3":12,
    "5":39,
    "7":10,
    "10":33,
    "13":27,
    "16":16,
    "19":18,
    "21":7,
    "25":3,
    "30":0,
    "35":0,
    "40":0,
    "45":0,
    "50":0,
    "55":0,
    "60":0,
    "65":0,
    "70":0,
    "75":0,
    "80":0,
    "85":0,
    "90":0,
    "95":0,
    "100":0
  },
  {
    "DAY":"2010-05-27",
    "HOUR":17,
    "2":765,
    "3":40,
    "5":65,
    "7":26,
    "10":17,
    "13":2,
    "16":2,
    "19":0,
    "21":0,
    "25":0,
    "30":5,
    "35":0,
    "40":0,
    "45":0,
    "50":0,
    "55":0,
    "60":0,
    "65":0,
    "70":0,
    "75":0,
    "80":0,
    "85":0,
    "90":0,
    "95":0,
    "100":0
  },
  {
    "DAY":"2010-05-27",
    "HOUR":18,
    "2":943,
    "3":28,
    "5":50,
    "7":32,
    "10":18,
    "13":18,
    "16":17,
    "19":4,
    "21":3,
    "25":6,
    "30":6,
    "35":1,
    "40":1,
    "45":3,
    "50":6,
    "55":1,
    "60":0,
    "65":0,
    "70":0,
    "75":0,
    "80":0,
    "85":0,
    "90":0,
    "95":0,
    "100":0
  },
  {
    "DAY":"2010-05-27",
    "HOUR":19,
    "2":237,
    "3":10,
    "5":13,
    "7":14,
    "10":15,
    "13":18,
    "16":9,
    "19":2,
    "21":0,
    "25":0,
    "30":0,
    "35":0,
    "40":0,
    "45":0,
    "50":0,
    "55":0,
    "60":0,
    "65":0,
    "70":0,
    "75":0,
    "80":0,
    "85":0,
    "90":0,
    "95":0,
    "100":0
  },
  {
    "DAY":"2010-05-27",
    "HOUR":20,
    "2":230,
    "3":27,
    "5":32,
    "7":31,
    "10":40,
    "13":37,
    "16":15,
    "19":9,
    "21":4,
    "25":3,
    "30":0,
    "35":0,
    "40":0,
    "45":0,
    "50":0,
    "55":0,
    "60":0,
    "65":0,
    "70":0,
    "75":0,
    "80":0,
    "85":0,
    "90":0,
    "95":0,
    "100":0
  },
  {
    "DAY":"2010-05-27",
    "HOUR":21,
    "2":423,
    "3":25,
    "5":58,
    "7":52,
    "10":52,
    "13":37,
    "16":39,
    "19":28,
    "21":11,
    "25":3,
    "30":0,
    "35":0,
    "40":0,
    "45":0,
    "50":0,
    "55":0,
    "60":0,
    "65":0,
    "70":0,
    "75":0,
    "80":0,
    "85":0,
    "90":0,
    "95":0,
    "100":0
  },
  {
    "DAY":"2010-05-27",
    "HOUR":22,
    "2":462,
    "3":24,
    "5":56,
    "7":51,
    "10":53,
    "13":41,
    "16":25,
    "19":19,
    "21":4,
    "25":7,
    "30":2,
    "35":0,
    "40":0,
    "45":0,
    "50":0,
    "55":0,
    "60":0,
    "65":0,
    "70":0,
    "75":0,
    "80":0,
    "85":0,
    "90":0,
    "95":0,
    "100":0
  },
  {
    "DAY":"2010-05-27",
    "HOUR":23,
    "2":75,
    "3":14,
    "5":10,
    "7":7,
    "10":19,
    "13":14,
    "16":10,
    "19":3,
    "21":2,
    "25":1,
    "30":2,
    "35":0,
    "40":1,
    "45":1,
    "50":1,
    "55":1,
    "60":0,
    "65":0,
    "70":0,
    "75":0,
    "80":0,
    "85":0,
    "90":0,
    "95":0,
    "100":0
  },
  {
    "DAY":"2010-05-28",
    "HOUR":0,
    "2":254,
    "3":19,
    "5":36,
    "7":46,
    "10":25,
    "13":38,
    "16":16,
    "19":12,
    "21":6,
    "25":4,
    "30":2,
    "35":1,
    "40":0,
    "45":0,
    "50":1,
    "55":1,
    "60":2,
    "65":0,
    "70":0,
    "75":0,
    "80":0,
    "85":0,
    "90":0,
    "95":0,
    "100":0
  },
  {
    "DAY":"2010-05-28",
    "HOUR":1,
    "2":451,
    "3":23,
    "5":56,
    "7":42,
    "10":41,
    "13":42,
    "16":44,
    "19":27,
    "21":7,
    "25":12,
    "30":0,
    "35":1,
    "40":0,
    "45":1,
    "50":1,
    "55":2,
    "60":4,
    "65":0,
    "70":0,
    "75":0,
    "80":0,
    "85":1,
    "90":0,
    "95":0,
    "100":0
  },
  {
    "DAY":"2010-05-28",
    "HOUR":2,
    "2":442,
    "3":37,
    "5":51,
    "7":45,
    "10":58,
    "13":51,
    "16":50,
    "19":17,
    "21":3,
    "25":2,
    "30":2,
    "35":1,
    "40":0,
    "45":3,
    "50":4,
    "55":1,
    "60":2,
    "65":0,
    "70":0,
    "75":0,
    "80":0,
    "85":0,
    "90":0,
    "95":0,
    "100":0
  },
  {
    "DAY":"2010-05-28",
    "HOUR":3,
    "2":67,
    "3":9,
    "5":14,
    "7":8,
    "10":21,
    "13":7,
    "16":11,
    "19":5,
    "21":3,
    "25":0,
    "30":2,
    "35":2,
    "40":1,
    "45":3,
    "50":1,
    "55":0,
    "60":0,
    "65":0,
    "70":0,
    "75":0,
    "80":0,
    "85":0,
    "90":0,
    "95":0,
    "100":0
  },
  {
    "DAY":"2010-05-28",
    "HOUR":5,
    "2":95,
    "3":9,
    "5":19,
    "7":16,
    "10":19,
    "13":14,
    "16":20,
    "19":14,
    "21":1,
    "25":0,
    "30":0,
    "35":0,
    "40":0,
    "45":0,
    "50":0,
    "55":0,
    "60":0,
    "65":0,
    "70":0,
    "75":0,
    "80":0,
    "85":0,
    "90":0,
    "95":0,
    "100":0
  },
  {
    "DAY":"2010-05-28",
    "HOUR":6,
    "2":377,
    "3":54,
    "5":99,
    "7":73,
    "10":69,
    "13":49,
    "16":45,
    "19":30,
    "21":7,
    "25":5,
    "30":3,
    "35":2,
    "40":0,
    "45":0,
    "50":0,
    "55":0,
    "60":0,
    "65":0,
    "70":0,
    "75":0,
    "80":0,
    "85":0,
    "90":0,
    "95":0,
    "100":0
  },
  {
    "DAY":"2010-05-28",
    "HOUR":7,
    "2":110,
    "3":14,
    "5":21,
    "7":29,
    "10":36,
    "13":10,
    "16":21,
    "19":13,
    "21":3,
    "25":3,
    "30":2,
    "35":1,
    "40":0,
    "45":5,
    "50":0,
    "55":0,
    "60":0,
    "65":0,
    "70":0,
    "75":0,
    "80":0,
    "85":0,
    "90":0,
    "95":0,
    "100":0
  },
  {
    "DAY":"2010-05-28",
    "HOUR":8,
    "2":310,
    "3":25,
    "5":33,
    "7":22,
    "10":50,
    "13":37,
    "16":29,
    "19":13,
    "21":2,
    "25":2,
    "30":3,
    "35":4,
    "40":0,
    "45":0,
    "50":0,
    "55":0,
    "60":0,
    "65":0,
    "70":0,
    "75":0,
    "80":0,
    "85":0,
    "90":0,
    "95":0,
    "100":0
  },
  {
    "DAY":"2010-05-28",
    "HOUR":9,
    "2":659,
    "3":42,
    "5":57,
    "7":65,
    "10":84,
    "13":60,
    "16":79,
    "19":67,
    "21":18,
    "25":23,
    "30":11,
    "35":4,
    "40":0,
    "45":0,
    "50":0,
    "55":0,
    "60":0,
    "65":0,
    "70":0,
    "75":0,
    "80":0,
    "85":0,
    "90":0,
    "95":0,
    "100":0
  },
  {
    "DAY":"2010-05-28",
    "HOUR":21,
    "2":18,
    "3":0,
    "5":0,
    "7":1,
    "10":1,
    "13":0,
    "16":1,
    "19":2,
    "21":2,
    "25":4,
    "30":0,
    "35":0,
    "40":0,
    "45":0,
    "50":0,
    "55":0,
    "60":0,
    "65":0,
    "70":0,
    "75":0,
    "80":0,
    "85":0,
    "90":0,
    "95":0,
    "100":0
  },
  {
    "DAY":"2010-05-28",
    "HOUR":22,
    "2":9,
    "3":0,
    "5":2,
    "7":0,
    "10":0,
    "13":0,
    "16":0,
    "19":0,
    "21":1,
    "25":1,
    "30":1,
    "35":1,
    "40":1,
    "45":0,
    "50":4,
    "55":2,
    "60":0,
    "65":8,
    "70":1,
    "75":0,
    "80":0,
    "85":0,
    "90":0,
    "95":0,
    "100":0
  },
  {
    "DAY":"2010-05-30",
    "HOUR":12,
    "2":139,
    "3":21,
    "5":15,
    "7":21,
    "10":19,
    "13":5,
    "16":2,
    "19":3,
    "21":3,
    "25":2,
    "30":1,
    "35":0,
    "40":0,
    "45":0,
    "50":0,
    "55":0,
    "60":0,
    "65":0,
    "70":0,
    "75":0,
    "80":0,
    "85":0,
    "90":0,
    "95":0,
    "100":0
  },
  {
    "DAY":"2010-05-30",
    "HOUR":13,
    "2":179,
    "3":10,
    "5":29,
    "7":32,
    "10":27,
    "13":16,
    "16":18,
    "19":5,
    "21":3,
    "25":0,
    "30":0,
    "35":0,
    "40":0,
    "45":0,
    "50":0,
    "55":0,
    "60":0,
    "65":0,
    "70":0,
    "75":0,
    "80":0,
    "85":0,
    "90":0,
    "95":0,
    "100":0
  },
  {
    "DAY":"2010-05-30",
    "HOUR":14,
    "2":367,
    "3":28,
    "5":69,
    "7":39,
    "10":70,
    "13":49,
    "16":43,
    "19":28,
    "21":6,
    "25":7,
    "30":0,
    "35":0,
    "40":0,
    "45":0,
    "50":0,
    "55":0,
    "60":0,
    "65":0,
    "70":0,
    "75":0,
    "80":0,
    "85":0,
    "90":0,
    "95":0,
    "100":0
  },
  {
    "DAY":"2010-05-30",
    "HOUR":15,
    "2":213,
    "3":4,
    "5":9,
    "7":5,
    "10":2,
    "13":4,
    "16":6,
    "19":13,
    "21":4,
    "25":2,
    "30":0,
    "35":0,
    "40":0,
    "45":0,
    "50":0,
    "55":0,
    "60":0,
    "65":0,
    "70":0,
    "75":0,
    "80":0,
    "85":0,
    "90":0,
    "95":0,
    "100":0
  },
  {
    "DAY":"2010-05-30",
    "HOUR":16,
    "2":534,
    "3":37,
    "5":50,
    "7":23,
    "10":29,
    "13":26,
    "16":20,
    "19":4,
    "21":1,
    "25":0,
    "30":0,
    "35":0,
    "40":0,
    "45":0,
    "50":0,
    "55":0,
    "60":0,
    "65":0,
    "70":0,
    "75":0,
    "80":0,
    "85":0,
    "90":0,
    "95":0,
    "100":0
  },
  {
    "DAY":"2010-05-30",
    "HOUR":17,
    "2":669,
    "3":21,
    "5":59,
    "7":29,
    "10":40,
    "13":12,
    "16":16,
    "19":14,
    "21":2,
    "25":0,
    "30":0,
    "35":0,
    "40":0,
    "45":0,
    "50":0,
    "55":0,
    "60":0,
    "65":0,
    "70":0,
    "75":0,
    "80":0,
    "85":0,
    "90":0,
    "95":0,
    "100":0
  },
  {
    "DAY":"2010-05-30",
    "HOUR":18,
    "2":87,
    "3":5,
    "5":1,
    "7":3,
    "10":16,
    "13":5,
    "16":10,
    "19":12,
    "21":8,
    "25":7,
    "30":4,
    "35":0,
    "40":0,
    "45":0,
    "50":0,
    "55":0,
    "60":0,
    "65":0,
    "70":0,
    "75":0,
    "80":0,
    "85":0,
    "90":0,
    "95":0,
    "100":0
  }
]