[
  {
    "DAY":"2010-05-23",
    "HOUR":20,
    "0":"0",
    "1":1,
    "3":19,
    "5":23,
    "7":22,
    "10":17,
    "13":11,
    "16":7,
    "19":4,
    "21":0,
    "25":1,
    "30":4,
    "35":6,
    "40":2,
    "45":2,
    "50":1,
    "55":1,
    "60":1,
    "65":0,
    "70":1,
    "80":"0"
  },
  {
    "DAY":"2010-05-23",
    "HOUR":21,
    "0":"0",
    "1":3,
    "3":7,
    "5":14,
    "7":16,
    "10":9,
    "13":5,
    "16":7,
    "19":3,
    "21":1,
    "25":5,
    "30":3,
    "35":3,
    "40":1,
    "45":0,
    "50":1,
    "55":1,
    "60":0,
    "65":2,
    "70":1,
    "80":"0"
  },
  {
    "DAY":"2010-05-24",
    "HOUR":0,
    "0":"0",
    "1":2,
    "3":2,
    "5":7,
    "7":7,
    "10":5,
    "13":1,
    "16":6,
    "19":2,
    "21":2,
    "25":2,
    "30":1,
    "35":2,
    "40":0,
    "45":2,
    "50":0,
    "55":0,
    "60":1,
    "65":0,
    "70":0,
    "80":"0"
  },
  {
    "DAY":"2010-05-24",
    "HOUR":1,
    "0":"0",
    "1":2,
    "3":3,
    "5":5,
    "7":3,
    "10":2,
    "13":3,
    "16":4,
    "19":4,
    "21":3,
    "25":2,
    "30":1,
    "35":5,
    "40":2,
    "45":1,
    "50":3,
    "55":0,
    "60":1,
    "65":1,
    "70":0,
    "80":"0"
  },
  {
    "DAY":"2010-05-24",
    "HOUR":2,
    "0":"0",
    "1":0,
    "3":3,
    "5":13,
    "7":6,
    "10":6,
    "13":7,
    "16":3,
    "19":2,
    "21":4,
    "25":4,
    "30":4,
    "35":8,
    "40":3,
    "45":0,
    "50":1,
    "55":2,
    "60":1,
    "65":1,
    "70":1,
    "80":"0"
  },
  {
    "DAY":"2010-05-24",
    "HOUR":3,
    "0":"0",
    "1":1,
    "3":1,
    "5":2,
    "7":3,
    "10":3,
    "13":5,
    "16":3,
    "19":3,
    "21":1,
    "25":3,
    "30":2,
    "35":1,
    "40":6,
    "45":2,
    "50":3,
    "55":3,
    "60":2,
    "65":2,
    "70":1,
    "80":"0"
  },
  {
    "DAY":"2010-05-24",
    "HOUR":4,
    "0":"0",
    "1":1,
    "3":10,
    "5":17,
    "7":9,
    "10":7,
    "13":10,
    "16":5,
    "19":3,
    "21":1,
    "25":8,
    "30":4,
    "35":9,
    "40":2,
    "45":5,
    "50":3,
    "55":7,
    "60":1,
    "65":2,
    "70":1,
    "80":"0"
  },
  {
    "DAY":"2010-05-24",
    "HOUR":5,
    "0":"0",
    "1":0,
    "3":15,
    "5":19,
    "7":10,
    "10":11,
    "13":8,
    "16":8,
    "19":1,
    "21":1,
    "25":5,
    "30":4,
    "35":4,
    "40":3,
    "45":3,
    "50":4,
    "55":1,
    "60":1,
    "65":0,
    "70":2,
    "80":"0"
  },
  {
    "DAY":"2010-05-24",
    "HOUR":6,
    "0":"0",
    "1":4,
    "3":14,
    "5":22,
    "7":9,
    "10":9,
    "13":11,
    "16":11,
    "19":3,
    "21":6,
    "25":3,
    "30":3,
    "35":0,
    "40":6,
    "45":1,
    "50":5,
    "55":2,
    "60":0,
    "65":0,
    "70":2,
    "80":"0"
  },
  {
    "DAY":"2010-05-24",
    "HOUR":7,
    "0":"0",
    "1":2,
    "3":16,
    "5":23,
    "7":18,
    "10":9,
    "13":10,
    "16":6,
    "19":3,
    "21":4,
    "25":7,
    "30":5,
    "35":1,
    "40":1,
    "45":3,
    "50":1,
    "55":1,
    "60":0,
    "65":0,
    "70":0,
    "80":"0"
  },
  {
    "DAY":"2010-05-24",
    "HOUR":8,
    "0":"0",
    "1":3,
    "3":28,
    "5":26,
    "7":18,
    "10":11,
    "13":10,
    "16":9,
    "19":6,
    "21":3,
    "25":11,
    "30":4,
    "35":2,
    "40":0,
    "45":2,
    "50":1,
    "55":1,
    "60":0,
    "65":1,
    "70":0,
    "80":"0"
  },
  {
    "DAY":"2010-05-24",
    "HOUR":9,
    "0":"0",
    "1":8,
    "3":12,
    "5":24,
    "7":11,
    "10":13,
    "13":14,
    "16":7,
    "19":9,
    "21":3,
    "25":3,
    "30":4,
    "35":1,
    "40":4,
    "45":3,
    "50":1,
    "55":2,
    "60":1,
    "65":0,
    "70":0,
    "80":"0"
  },
  {
    "DAY":"2010-05-24",
    "HOUR":10,
    "0":"0",
    "1":0,
    "3":2,
    "5":6,
    "7":4,
    "10":2,
    "13":3,
    "16":2,
    "19":4,
    "21":0,
    "25":1,
    "30":5,
    "35":2,
    "40":1,
    "45":2,
    "50":0,
    "55":0,
    "60":0,
    "65":0,
    "70":1,
    "80":"0"
  },
  {
    "DAY":"2010-05-24",
    "HOUR":11,
    "0":"0",
    "1":1,
    "3":5,
    "5":10,
    "7":3,
    "10":3,
    "13":1,
    "16":5,
    "19":2,
    "21":0,
    "25":2,
    "30":1,
    "35":1,
    "40":1,
    "45":0,
    "50":0,
    "55":0,
    "60":1,
    "65":0,
    "70":0,
    "80":"0"
  },
  {
    "DAY":"2010-05-24",
    "HOUR":12,
    "0":"0",
    "1":0,
    "3":3,
    "5":8,
    "7":2,
    "10":3,
    "13":4,
    "16":8,
    "19":2,
    "21":3,
    "25":3,
    "30":3,
    "35":5,
    "40":3,
    "45":1,
    "50":1,
    "55":1,
    "60":3,
    "65":0,
    "70":1,
    "80":"0"
  },
  {
    "DAY":"2010-05-24",
    "HOUR":13,
    "0":"0",
    "1":1,
    "3":8,
    "5":17,
    "7":7,
    "10":9,
    "13":9,
    "16":7,
    "19":5,
    "21":2,
    "25":9,
    "30":5,
    "35":3,
    "40":0,
    "45":2,
    "50":0,
    "55":2,
    "60":1,
    "65":0,
    "70":0,
    "80":"0"
  },
  {
    "DAY":"2010-05-24",
    "HOUR":15,
    "0":"0",
    "1":4,
    "3":22,
    "5":22,
    "7":16,
    "10":18,
    "13":10,
    "16":9,
    "19":3,
    "21":2,
    "25":4,
    "30":6,
    "35":2,
    "40":4,
    "45":1,
    "50":1,
    "55":0,
    "60":2,
    "65":2,
    "70":0,
    "80":"0"
  },
  {
    "DAY":"2010-05-24",
    "HOUR":16,
    "0":"0",
    "1":3,
    "3":17,
    "5":11,
    "7":9,
    "10":10,
    "13":7,
    "16":2,
    "19":5,
    "21":3,
    "25":3,
    "30":3,
    "35":3,
    "40":1,
    "45":2,
    "50":3,
    "55":1,
    "60":2,
    "65":1,
    "70":0,
    "80":"0"
  },
  {
    "DAY":"2010-05-24",
    "HOUR":17,
    "0":"0",
    "1":3,
    "3":4,
    "5":10,
    "7":4,
    "10":5,
    "13":3,
    "16":2,
    "19":4,
    "21":2,
    "25":5,
    "30":1,
    "35":0,
    "40":1,
    "45":0,
    "50":0,
    "55":0,
    "60":1,
    "65":1,
    "70":1,
    "80":"0"
  },
  {
    "DAY":"2010-05-24",
    "HOUR":18,
    "0":"0",
    "1":1,
    "3":6,
    "5":10,
    "7":5,
    "10":6,
    "13":4,
    "16":2,
    "19":1,
    "21":2,
    "25":1,
    "30":0,
    "35":1,
    "40":1,
    "45":0,
    "50":1,
    "55":0,
    "60":0,
    "65":0,
    "70":0,
    "80":"0"
  },
  {
    "DAY":"2010-05-24",
    "HOUR":19,
    "0":"0",
    "1":5,
    "3":21,
    "5":18,
    "7":7,
    "10":14,
    "13":10,
    "16":8,
    "19":4,
    "21":3,
    "25":0,
    "30":4,
    "35":5,
    "40":3,
    "45":1,
    "50":1,
    "55":2,
    "60":1,
    "65":2,
    "70":0,
    "80":"0"
  },
  {
    "DAY":"2010-05-24",
    "HOUR":20,
    "0":"0",
    "1":2,
    "3":10,
    "5":13,
    "7":7,
    "10":11,
    "13":4,
    "16":5,
    "19":3,
    "21":4,
    "25":5,
    "30":3,
    "35":2,
    "40":3,
    "45":1,
    "50":1,
    "55":1,
    "60":1,
    "65":0,
    "70":1,
    "80":"0"
  },
  {
    "DAY":"2010-05-24",
    "HOUR":21,
    "0":"0",
    "1":4,
    "3":16,
    "5":17,
    "7":17,
    "10":11,
    "13":3,
    "16":6,
    "19":5,
    "21":2,
    "25":4,
    "30":4,
    "35":9,
    "40":4,
    "45":2,
    "50":1,
    "55":1,
    "60":1,
    "65":1,
    "70":3,
    "80":"0"
  },
  {
    "DAY":"2010-05-24",
    "HOUR":22,
    "0":"0",
    "1":22,
    "3":36,
    "5":25,
    "7":17,
    "10":8,
    "13":15,
    "16":9,
    "19":5,
    "21":2,
    "25":2,
    "30":3,
    "35":4,
    "40":2,
    "45":3,
    "50":0,
    "55":0,
    "60":0,
    "65":1,
    "70":1,
    "80":"0"
  },
  {
    "DAY":"2010-05-24",
    "HOUR":23,
    "0":"0",
    "1":10,
    "3":28,
    "5":22,
    "7":23,
    "10":20,
    "13":6,
    "16":7,
    "19":8,
    "21":2,
    "25":7,
    "30":4,
    "35":2,
    "40":3,
    "45":3,
    "50":0,
    "55":1,
    "60":0,
    "65":0,
    "70":1,
    "80":"0"
  },
  {
    "DAY":"2010-05-25",
    "HOUR":0,
    "0":"0",
    "1":13,
    "3":34,
    "5":35,
    "7":24,
    "10":34,
    "13":18,
    "16":11,
    "19":7,
    "21":2,
    "25":6,
    "30":4,
    "35":4,
    "40":0,
    "45":1,
    "50":1,
    "55":1,
    "60":0,
    "65":1,
    "70":0,
    "80":"0"
  },
  {
    "DAY":"2010-05-25",
    "HOUR":1,
    "0":"0",
    "1":4,
    "3":7,
    "5":14,
    "7":12,
    "10":8,
    "13":15,
    "16":6,
    "19":8,
    "21":4,
    "25":7,
    "30":2,
    "35":7,
    "40":4,
    "45":1,
    "50":2,
    "55":2,
    "60":0,
    "65":2,
    "70":0,
    "80":"0"
  },
  {
    "DAY":"2010-05-25",
    "HOUR":2,
    "0":"0",
    "1":5,
    "3":7,
    "5":27,
    "7":10,
    "10":15,
    "13":10,
    "16":3,
    "19":5,
    "21":1,
    "25":6,
    "30":7,
    "35":5,
    "40":3,
    "45":3,
    "50":4,
    "55":3,
    "60":2,
    "65":0,
    "70":1,
    "80":"0"
  },
  {
    "DAY":"2010-05-25",
    "HOUR":3,
    "0":"0",
    "1":6,
    "3":16,
    "5":17,
    "7":7,
    "10":10,
    "13":13,
    "16":6,
    "19":8,
    "21":5,
    "25":5,
    "30":7,
    "35":7,
    "40":2,
    "45":0,
    "50":0,
    "55":1,
    "60":1,
    "65":0,
    "70":0,
    "80":"0"
  },
  {
    "DAY":"2010-05-25",
    "HOUR":4,
    "0":"0",
    "1":11,
    "3":30,
    "5":27,
    "7":28,
    "10":21,
    "13":23,
    "16":17,
    "19":12,
    "21":7,
    "25":10,
    "30":9,
    "35":5,
    "40":4,
    "45":0,
    "50":0,
    "55":1,
    "60":0,
    "65":0,
    "70":0,
    "80":"0"
  },
  {
    "DAY":"2010-05-25",
    "HOUR":5,
    "0":"0",
    "1":9,
    "3":26,
    "5":31,
    "7":18,
    "10":14,
    "13":6,
    "16":6,
    "19":7,
    "21":2,
    "25":4,
    "30":2,
    "35":1,
    "40":5,
    "45":2,
    "50":1,
    "55":2,
    "60":1,
    "65":0,
    "70":2,
    "80":"0"
  },
  {
    "DAY":"2010-05-25",
    "HOUR":6,
    "0":"0",
    "1":8,
    "3":29,
    "5":27,
    "7":21,
    "10":11,
    "13":6,
    "16":5,
    "19":3,
    "21":5,
    "25":8,
    "30":3,
    "35":1,
    "40":0,
    "45":1,
    "50":0,
    "55":1,
    "60":0,
    "65":2,
    "70":0,
    "80":"0"
  },
  {
    "DAY":"2010-05-25",
    "HOUR":7,
    "0":"0",
    "1":3,
    "3":31,
    "5":23,
    "7":25,
    "10":30,
    "13":13,
    "16":8,
    "19":8,
    "21":12,
    "25":9,
    "30":8,
    "35":2,
    "40":4,
    "45":4,
    "50":0,
    "55":2,
    "60":1,
    "65":0,
    "70":2,
    "80":"0"
  },
  {
    "DAY":"2010-05-25",
    "HOUR":8,
    "0":"0",
    "1":3,
    "3":7,
    "5":10,
    "7":5,
    "10":11,
    "13":7,
    "16":4,
    "19":1,
    "21":2,
    "25":4,
    "30":3,
    "35":2,
    "40":1,
    "45":3,
    "50":0,
    "55":0,
    "60":1,
    "65":0,
    "70":0,
    "80":"0"
  },
  {
    "DAY":"2010-05-25",
    "HOUR":9,
    "0":"0",
    "1":1,
    "3":13,
    "5":13,
    "7":9,
    "10":15,
    "13":6,
    "16":4,
    "19":1,
    "21":1,
    "25":2,
    "30":5,
    "35":0,
    "40":2,
    "45":2,
    "50":0,
    "55":2,
    "60":2,
    "65":2,
    "70":1,
    "80":"0"
  },
  {
    "DAY":"2010-05-25",
    "HOUR":10,
    "0":"0",
    "1":1,
    "3":10,
    "5":8,
    "7":7,
    "10":6,
    "13":8,
    "16":7,
    "19":1,
    "21":2,
    "25":1,
    "30":2,
    "35":2,
    "40":2,
    "45":0,
    "50":2,
    "55":0,
    "60":1,
    "65":3,
    "70":0,
    "80":"0"
  },
  {
    "DAY":"2010-05-25",
    "HOUR":11,
    "0":"0",
    "1":0,
    "3":7,
    "5":7,
    "7":5,
    "10":8,
    "13":5,
    "16":6,
    "19":6,
    "21":5,
    "25":5,
    "30":8,
    "35":10,
    "40":4,
    "45":1,
    "50":0,
    "55":1,
    "60":0,
    "65":0,
    "70":0,
    "80":"0"
  },
  {
    "DAY":"2010-05-25",
    "HOUR":12,
    "0":"0",
    "1":10,
    "3":22,
    "5":24,
    "7":14,
    "10":15,
    "13":12,
    "16":9,
    "19":4,
    "21":1,
    "25":5,
    "30":5,
    "35":1,
    "40":3,
    "45":0,
    "50":0,
    "55":6,
    "60":1,
    "65":3,
    "70":0,
    "80":"0"
  },
  {
    "DAY":"2010-05-25",
    "HOUR":13,
    "0":"0",
    "1":4,
    "3":16,
    "5":21,
    "7":11,
    "10":9,
    "13":9,
    "16":10,
    "19":6,
    "21":5,
    "25":3,
    "30":5,
    "35":3,
    "40":1,
    "45":7,
    "50":4,
    "55":2,
    "60":0,
    "65":1,
    "70":0,
    "80":"0"
  },
  {
    "DAY":"2010-05-25",
    "HOUR":14,
    "0":"0",
    "1":7,
    "3":21,
    "5":43,
    "7":12,
    "10":24,
    "13":9,
    "16":7,
    "19":6,
    "21":4,
    "25":9,
    "30":5,
    "35":5,
    "40":2,
    "45":3,
    "50":2,
    "55":0,
    "60":2,
    "65":1,
    "70":0,
    "80":"0"
  },
  {
    "DAY":"2010-05-25",
    "HOUR":15,
    "0":"0",
    "1":6,
    "3":23,
    "5":16,
    "7":13,
    "10":10,
    "13":10,
    "16":6,
    "19":2,
    "21":3,
    "25":3,
    "30":1,
    "35":2,
    "40":1,
    "45":1,
    "50":0,
    "55":0,
    "60":1,
    "65":0,
    "70":0,
    "80":"0"
  },
  {
    "DAY":"2010-05-25",
    "HOUR":16,
    "0":"0",
    "1":4,
    "3":12,
    "5":14,
    "7":12,
    "10":5,
    "13":4,
    "16":4,
    "19":3,
    "21":2,
    "25":4,
    "30":0,
    "35":1,
    "40":0,
    "45":0,
    "50":0,
    "55":0,
    "60":0,
    "65":1,
    "70":1,
    "80":"0"
  },
  {
    "DAY":"2010-05-25",
    "HOUR":17,
    "0":"0",
    "1":2,
    "3":12,
    "5":10,
    "7":6,
    "10":12,
    "13":12,
    "16":3,
    "19":4,
    "21":1,
    "25":4,
    "30":0,
    "35":1,
    "40":3,
    "45":1,
    "50":2,
    "55":1,
    "60":0,
    "65":0,
    "70":1,
    "80":"0"
  },
  {
    "DAY":"2010-05-25",
    "HOUR":18,
    "0":"0",
    "1":2,
    "3":8,
    "5":7,
    "7":10,
    "10":4,
    "13":3,
    "16":4,
    "19":3,
    "21":6,
    "25":4,
    "30":4,
    "35":2,
    "40":1,
    "45":4,
    "50":2,
    "55":2,
    "60":0,
    "65":2,
    "70":1,
    "80":"0"
  },
  {
    "DAY":"2010-05-25",
    "HOUR":19,
    "0":"0",
    "1":11,
    "3":20,
    "5":29,
    "7":17,
    "10":15,
    "13":20,
    "16":10,
    "19":14,
    "21":3,
    "25":4,
    "30":4,
    "35":2,
    "40":2,
    "45":2,
    "50":2,
    "55":2,
    "60":1,
    "65":1,
    "70":1,
    "80":"0"
  },
  {
    "DAY":"2010-05-25",
    "HOUR":20,
    "0":"0",
    "1":7,
    "3":14,
    "5":25,
    "7":16,
    "10":21,
    "13":22,
    "16":8,
    "19":5,
    "21":2,
    "25":7,
    "30":6,
    "35":2,
    "40":0,
    "45":0,
    "50":1,
    "55":1,
    "60":2,
    "65":0,
    "70":2,
    "80":"0"
  },
  {
    "DAY":"2010-05-25",
    "HOUR":21,
    "0":"0",
    "1":5,
    "3":20,
    "5":33,
    "7":18,
    "10":14,
    "13":7,
    "16":2,
    "19":2,
    "21":1,
    "25":3,
    "30":2,
    "35":1,
    "40":3,
    "45":0,
    "50":0,
    "55":0,
    "60":0,
    "65":1,
    "70":0,
    "80":"0"
  },
  {
    "DAY":"2010-05-25",
    "HOUR":22,
    "0":"0",
    "1":3,
    "3":9,
    "5":10,
    "7":9,
    "10":15,
    "13":5,
    "16":5,
    "19":6,
    "21":1,
    "25":6,
    "30":7,
    "35":7,
    "40":1,
    "45":0,
    "50":4,
    "55":1,
    "60":3,
    "65":1,
    "70":1,
    "80":"0"
  },
  {
    "DAY":"2010-05-25",
    "HOUR":23,
    "0":"0",
    "1":0,
    "3":12,
    "5":13,
    "7":15,
    "10":14,
    "13":13,
    "16":13,
    "19":5,
    "21":3,
    "25":5,
    "30":5,
    "35":2,
    "40":1,
    "45":0,
    "50":1,
    "55":0,
    "60":1,
    "65":1,
    "70":0,
    "80":"0"
  },
  {
    "DAY":"2010-05-26",
    "HOUR":0,
    "0":"0",
    "1":12,
    "3":25,
    "5":31,
    "7":22,
    "10":18,
    "13":10,
    "16":3,
    "19":6,
    "21":4,
    "25":5,
    "30":4,
    "35":1,
    "40":2,
    "45":1,
    "50":2,
    "55":1,
    "60":0,
    "65":1,
    "70":0,
    "80":"0"
  },
  {
    "DAY":"2010-05-26",
    "HOUR":1,
    "0":"0",
    "1":1,
    "3":21,
    "5":17,
    "7":16,
    "10":16,
    "13":14,
    "16":13,
    "19":7,
    "21":3,
    "25":5,
    "30":8,
    "35":5,
    "40":1,
    "45":5,
    "50":2,
    "55":1,
    "60":1,
    "65":1,
    "70":0,
    "80":"0"
  },
  {
    "DAY":"2010-05-26",
    "HOUR":2,
    "0":"0",
    "1":0,
    "3":7,
    "5":8,
    "7":5,
    "10":6,
    "13":9,
    "16":9,
    "19":1,
    "21":3,
    "25":6,
    "30":4,
    "35":3,
    "40":2,
    "45":3,
    "50":2,
    "55":3,
    "60":1,
    "65":0,
    "70":0,
    "80":"0"
  },
  {
    "DAY":"2010-05-26",
    "HOUR":3,
    "0":"0",
    "1":7,
    "3":20,
    "5":29,
    "7":15,
    "10":12,
    "13":4,
    "16":7,
    "19":1,
    "21":1,
    "25":4,
    "30":4,
    "35":1,
    "40":0,
    "45":4,
    "50":0,
    "55":1,
    "60":1,
    "65":0,
    "70":0,
    "80":"0"
  },
  {
    "DAY":"2010-05-26",
    "HOUR":4,
    "0":"0",
    "1":3,
    "3":12,
    "5":23,
    "7":8,
    "10":17,
    "13":14,
    "16":10,
    "19":7,
    "21":2,
    "25":7,
    "30":4,
    "35":5,
    "40":6,
    "45":1,
    "50":0,
    "55":1,
    "60":0,
    "65":0,
    "70":0,
    "80":"0"
  },
  {
    "DAY":"2010-05-26",
    "HOUR":5,
    "0":"0",
    "1":9,
    "3":16,
    "5":17,
    "7":15,
    "10":7,
    "13":9,
    "16":5,
    "19":6,
    "21":1,
    "25":4,
    "30":6,
    "35":3,
    "40":2,
    "45":2,
    "50":0,
    "55":0,
    "60":2,
    "65":0,
    "70":2,
    "80":"0"
  },
  {
    "DAY":"2010-05-26",
    "HOUR":6,
    "0":"0",
    "1":21,
    "3":43,
    "5":44,
    "7":23,
    "10":17,
    "13":14,
    "16":5,
    "19":1,
    "21":2,
    "25":2,
    "30":1,
    "35":2,
    "40":2,
    "45":0,
    "50":1,
    "55":1,
    "60":0,
    "65":0,
    "70":1,
    "80":"0"
  },
  {
    "DAY":"2010-05-26",
    "HOUR":7,
    "0":"0",
    "1":22,
    "3":51,
    "5":62,
    "7":40,
    "10":48,
    "13":28,
    "16":18,
    "19":9,
    "21":7,
    "25":7,
    "30":6,
    "35":4,
    "40":1,
    "45":0,
    "50":2,
    "55":1,
    "60":1,
    "65":0,
    "70":0,
    "80":"0"
  },
  {
    "DAY":"2010-05-26",
    "HOUR":8,
    "0":"0",
    "1":26,
    "3":62,
    "5":60,
    "7":52,
    "10":36,
    "13":29,
    "16":16,
    "19":17,
    "21":6,
    "25":7,
    "30":5,
    "35":2,
    "40":2,
    "45":3,
    "50":1,
    "55":0,
    "60":0,
    "65":0,
    "70":0,
    "80":"0"
  },
  {
    "DAY":"2010-05-26",
    "HOUR":9,
    "0":"0",
    "1":7,
    "3":17,
    "5":28,
    "7":14,
    "10":15,
    "13":5,
    "16":4,
    "19":4,
    "21":3,
    "25":3,
    "30":0,
    "35":4,
    "40":3,
    "45":1,
    "50":1,
    "55":3,
    "60":0,
    "65":0,
    "70":2,
    "80":"0"
  },
  {
    "DAY":"2010-05-26",
    "HOUR":10,
    "0":"0",
    "1":6,
    "3":12,
    "5":9,
    "7":10,
    "10":8,
    "13":11,
    "16":3,
    "19":2,
    "21":6,
    "25":4,
    "30":3,
    "35":7,
    "40":1,
    "45":0,
    "50":0,
    "55":0,
    "60":1,
    "65":0,
    "70":1,
    "80":"0"
  },
  {
    "DAY":"2010-05-26",
    "HOUR":11,
    "0":"0",
    "1":4,
    "3":16,
    "5":10,
    "7":14,
    "10":10,
    "13":13,
    "16":7,
    "19":4,
    "21":3,
    "25":3,
    "30":4,
    "35":1,
    "40":1,
    "45":3,
    "50":5,
    "55":1,
    "60":2,
    "65":1,
    "70":1,
    "80":"0"
  },
  {
    "DAY":"2010-05-26",
    "HOUR":12,
    "0":"0",
    "1":12,
    "3":39,
    "5":39,
    "7":41,
    "10":23,
    "13":11,
    "16":4,
    "19":8,
    "21":2,
    "25":5,
    "30":0,
    "35":3,
    "40":1,
    "45":0,
    "50":0,
    "55":0,
    "60":0,
    "65":0,
    "70":0,
    "80":"0"
  },
  {
    "DAY":"2010-05-26",
    "HOUR":13,
    "0":"0",
    "1":3,
    "3":19,
    "5":25,
    "7":24,
    "10":14,
    "13":12,
    "16":6,
    "19":7,
    "21":2,
    "25":3,
    "30":5,
    "35":1,
    "40":6,
    "45":0,
    "50":1,
    "55":0,
    "60":0,
    "65":2,
    "70":1,
    "80":"0"
  },
  {
    "DAY":"2010-05-26",
    "HOUR":14,
    "0":"0",
    "1":26,
    "3":50,
    "5":54,
    "7":29,
    "10":36,
    "13":22,
    "16":14,
    "19":11,
    "21":6,
    "25":13,
    "30":5,
    "35":2,
    "40":4,
    "45":2,
    "50":1,
    "55":0,
    "60":1,
    "65":1,
    "70":0,
    "80":"0"
  },
  {
    "DAY":"2010-05-26",
    "HOUR":15,
    "0":"0",
    "1":7,
    "3":12,
    "5":32,
    "7":20,
    "10":10,
    "13":14,
    "16":13,
    "19":6,
    "21":3,
    "25":3,
    "30":5,
    "35":6,
    "40":0,
    "45":0,
    "50":0,
    "55":2,
    "60":0,
    "65":0,
    "70":2,
    "80":"0"
  },
  {
    "DAY":"2010-05-26",
    "HOUR":16,
    "0":"0",
    "1":13,
    "3":24,
    "5":26,
    "7":25,
    "10":13,
    "13":14,
    "16":10,
    "19":8,
    "21":5,
    "25":2,
    "30":1,
    "35":0,
    "40":0,
    "45":0,
    "50":0,
    "55":1,
    "60":0,
    "65":2,
    "70":0,
    "80":"0"
  },
  {
    "DAY":"2010-05-26",
    "HOUR":17,
    "0":"0",
    "1":0,
    "3":0,
    "5":0,
    "7":2,
    "10":1,
    "13":6,
    "16":0,
    "19":0,
    "21":1,
    "25":0,
    "30":2,
    "35":0,
    "40":2,
    "45":1,
    "50":0,
    "55":0,
    "60":1,
    "65":0,
    "70":0,
    "80":"0"
  },
  {
    "DAY":"2010-05-26",
    "HOUR":18,
    "0":"0",
    "1":9,
    "3":30,
    "5":35,
    "7":16,
    "10":14,
    "13":12,
    "16":6,
    "19":3,
    "21":2,
    "25":3,
    "30":3,
    "35":1,
    "40":1,
    "45":0,
    "50":0,
    "55":3,
    "60":1,
    "65":1,
    "70":1,
    "80":"0"
  },
  {
    "DAY":"2010-05-26",
    "HOUR":19,
    "0":"0",
    "1":25,
    "3":73,
    "5":67,
    "7":52,
    "10":21,
    "13":13,
    "16":3,
    "19":4,
    "21":0,
    "25":2,
    "30":0,
    "35":0,
    "40":0,
    "45":0,
    "50":0,
    "55":0,
    "60":0,
    "65":0,
    "70":0,
    "80":"0"
  },
  {
    "DAY":"2010-05-26",
    "HOUR":20,
    "0":"0",
    "1":4,
    "3":10,
    "5":12,
    "7":6,
    "10":9,
    "13":5,
    "16":3,
    "19":3,
    "21":2,
    "25":3,
    "30":1,
    "35":1,
    "40":0,
    "45":0,
    "50":0,
    "55":0,
    "60":0,
    "65":0,
    "70":0,
    "80":"0"
  },
  {
    "DAY":"2010-05-26",
    "HOUR":21,
    "0":"0",
    "1":6,
    "3":27,
    "5":32,
    "7":19,
    "10":16,
    "13":9,
    "16":6,
    "19":6,
    "21":4,
    "25":3,
    "30":3,
    "35":1,
    "40":2,
    "45":2,
    "50":0,
    "55":1,
    "60":0,
    "65":0,
    "70":0,
    "80":"0"
  },
  {
    "DAY":"2010-05-26",
    "HOUR":22,
    "0":"0",
    "1":32,
    "3":43,
    "5":56,
    "7":26,
    "10":20,
    "13":11,
    "16":3,
    "19":2,
    "21":1,
    "25":2,
    "30":3,
    "35":1,
    "40":0,
    "45":1,
    "50":0,
    "55":0,
    "60":0,
    "65":0,
    "70":0,
    "80":"0"
  },
  {
    "DAY":"2010-05-26",
    "HOUR":23,
    "0":"0",
    "1":27,
    "3":67,
    "5":90,
    "7":31,
    "10":27,
    "13":13,
    "16":8,
    "19":1,
    "21":0,
    "25":2,
    "30":1,
    "35":4,
    "40":1,
    "45":2,
    "50":1,
    "55":0,
    "60":0,
    "65":0,
    "70":0,
    "80":"0"
  },
  {
    "DAY":"2010-05-27",
    "HOUR":0,
    "0":"0",
    "1":26,
    "3":89,
    "5":74,
    "7":45,
    "10":25,
    "13":14,
    "16":8,
    "19":3,
    "21":1,
    "25":0,
    "30":2,
    "35":0,
    "40":0,
    "45":0,
    "50":0,
    "55":0,
    "60":0,
    "65":0,
    "70":0,
    "80":"0"
  },
  {
    "DAY":"2010-05-27",
    "HOUR":1,
    "0":"0",
    "1":2,
    "3":21,
    "5":22,
    "7":13,
    "10":8,
    "13":10,
    "16":3,
    "19":2,
    "21":0,
    "25":3,
    "30":1,
    "35":4,
    "40":1,
    "45":0,
    "50":0,
    "55":0,
    "60":0,
    "65":0,
    "70":0,
    "80":"0"
  },
  {
    "DAY":"2010-05-27",
    "HOUR":2,
    "0":"0",
    "1":0,
    "3":2,
    "5":3,
    "7":2,
    "10":1,
    "13":0,
    "16":1,
    "19":0,
    "21":0,
    "25":1,
    "30":0,
    "35":0,
    "40":0,
    "45":0,
    "50":0,
    "55":0,
    "60":0,
    "65":0,
    "70":0,
    "80":"0"
  },
  {
    "DAY":"2010-05-27",
    "HOUR":3,
    "0":"0",
    "1":0,
    "3":2,
    "5":0,
    "7":6,
    "10":2,
    "13":2,
    "16":2,
    "19":0,
    "21":0,
    "25":0,
    "30":1,
    "35":0,
    "40":0,
    "45":0,
    "50":0,
    "55":0,
    "60":0,
    "65":0,
    "70":0,
    "80":"0"
  },
  {
    "DAY":"2010-05-27",
    "HOUR":4,
    "0":"0",
    "1":4,
    "3":5,
    "5":11,
    "7":7,
    "10":4,
    "13":3,
    "16":4,
    "19":0,
    "21":1,
    "25":1,
    "30":0,
    "35":0,
    "40":0,
    "45":0,
    "50":0,
    "55":0,
    "60":0,
    "65":0,
    "70":0,
    "80":"0"
  },
  {
    "DAY":"2010-05-27",
    "HOUR":5,
    "0":"0",
    "1":7,
    "3":16,
    "5":20,
    "7":14,
    "10":10,
    "13":12,
    "16":9,
    "19":8,
    "21":0,
    "25":5,
    "30":2,
    "35":2,
    "40":1,
    "45":1,
    "50":1,
    "55":1,
    "60":0,
    "65":0,
    "70":0,
    "80":"0"
  },
  {
    "DAY":"2010-05-27",
    "HOUR":6,
    "0":"0",
    "1":5,
    "3":18,
    "5":17,
    "7":14,
    "10":15,
    "13":17,
    "16":10,
    "19":9,
    "21":3,
    "25":8,
    "30":3,
    "35":6,
    "40":1,
    "45":1,
    "50":3,
    "55":1,
    "60":0,
    "65":1,
    "70":0,
    "80":"0"
  },
  {
    "DAY":"2010-05-27",
    "HOUR":7,
    "0":"0",
    "1":1,
    "3":6,
    "5":7,
    "7":6,
    "10":3,
    "13":4,
    "16":2,
    "19":4,
    "21":0,
    "25":3,
    "30":3,
    "35":2,
    "40":1,
    "45":1,
    "50":0,
    "55":2,
    "60":0,
    "65":1,
    "70":0,
    "80":"0"
  },
  {
    "DAY":"2010-05-27",
    "HOUR":8,
    "0":"0",
    "1":17,
    "3":26,
    "5":49,
    "7":31,
    "10":29,
    "13":21,
    "16":10,
    "19":4,
    "21":6,
    "25":7,
    "30":6,
    "35":1,
    "40":4,
    "45":3,
    "50":0,
    "55":2,
    "60":0,
    "65":0,
    "70":0,
    "80":"0"
  },
  {
    "DAY":"2010-05-27",
    "HOUR":9,
    "0":"0",
    "1":24,
    "3":39,
    "5":49,
    "7":41,
    "10":16,
    "13":5,
    "16":9,
    "19":9,
    "21":3,
    "25":3,
    "30":2,
    "35":0,
    "40":1,
    "45":0,
    "50":1,
    "55":2,
    "60":0,
    "65":0,
    "70":0,
    "80":"0"
  },
  {
    "DAY":"2010-05-27",
    "HOUR":10,
    "0":"0",
    "1":4,
    "3":21,
    "5":17,
    "7":18,
    "10":12,
    "13":8,
    "16":8,
    "19":7,
    "21":6,
    "25":5,
    "30":5,
    "35":2,
    "40":0,
    "45":4,
    "50":0,
    "55":0,
    "60":2,
    "65":0,
    "70":1,
    "80":"0"
  },
  {
    "DAY":"2010-05-27",
    "HOUR":11,
    "0":"0",
    "1":5,
    "3":20,
    "5":28,
    "7":24,
    "10":28,
    "13":15,
    "16":11,
    "19":8,
    "21":3,
    "25":3,
    "30":8,
    "35":5,
    "40":3,
    "45":2,
    "50":3,
    "55":1,
    "60":1,
    "65":0,
    "70":1,
    "80":"0"
  },
  {
    "DAY":"2010-05-27",
    "HOUR":12,
    "0":"0",
    "1":1,
    "3":9,
    "5":11,
    "7":9,
    "10":9,
    "13":10,
    "16":5,
    "19":7,
    "21":3,
    "25":4,
    "30":3,
    "35":4,
    "40":1,
    "45":2,
    "50":1,
    "55":0,
    "60":2,
    "65":0,
    "70":1,
    "80":"0"
  },
  {
    "DAY":"2010-05-27",
    "HOUR":13,
    "0":"0",
    "1":2,
    "3":6,
    "5":7,
    "7":3,
    "10":5,
    "13":4,
    "16":5,
    "19":4,
    "21":2,
    "25":4,
    "30":1,
    "35":4,
    "40":2,
    "45":3,
    "50":1,
    "55":0,
    "60":0,
    "65":2,
    "70":1,
    "80":"0"
  },
  {
    "DAY":"2010-05-27",
    "HOUR":14,
    "0":"0",
    "1":5,
    "3":5,
    "5":8,
    "7":7,
    "10":3,
    "13":6,
    "16":4,
    "19":2,
    "21":2,
    "25":1,
    "30":1,
    "35":2,
    "40":3,
    "45":2,
    "50":0,
    "55":1,
    "60":0,
    "65":0,
    "70":0,
    "80":"0"
  },
  {
    "DAY":"2010-05-27",
    "HOUR":15,
    "0":"0",
    "1":0,
    "3":4,
    "5":8,
    "7":9,
    "10":4,
    "13":3,
    "16":5,
    "19":5,
    "21":4,
    "25":4,
    "30":2,
    "35":2,
    "40":1,
    "45":0,
    "50":0,
    "55":1,
    "60":0,
    "65":0,
    "70":0,
    "80":"0"
  },
  {
    "DAY":"2010-05-27",
    "HOUR":16,
    "0":"0",
    "1":3,
    "3":10,
    "5":12,
    "7":14,
    "10":5,
    "13":7,
    "16":4,
    "19":5,
    "21":5,
    "25":3,
    "30":4,
    "35":3,
    "40":2,
    "45":3,
    "50":0,
    "55":0,
    "60":1,
    "65":0,
    "70":0,
    "80":"0"
  },
  {
    "DAY":"2010-05-27",
    "HOUR":17,
    "0":"0",
    "1":6,
    "3":12,
    "5":18,
    "7":7,
    "10":0,
    "13":1,
    "16":2,
    "19":0,
    "21":2,
    "25":1,
    "30":0,
    "35":0,
    "40":0,
    "45":0,
    "50":0,
    "55":0,
    "60":0,
    "65":0,
    "70":0,
    "80":"0"
  },
  {
    "DAY":"2010-05-27",
    "HOUR":18,
    "0":"0",
    "1":0,
    "3":1,
    "5":3,
    "7":3,
    "10":2,
    "13":1,
    "16":0,
    "19":0,
    "21":0,
    "25":0,
    "30":2,
    "35":0,
    "40":0,
    "45":0,
    "50":0,
    "55":0,
    "60":0,
    "65":0,
    "70":0,
    "80":"0"
  },
  {
    "DAY":"2010-05-27",
    "HOUR":19,
    "0":"0",
    "1":6,
    "3":5,
    "5":8,
    "7":8,
    "10":11,
    "13":9,
    "16":6,
    "19":3,
    "21":2,
    "25":2,
    "30":2,
    "35":3,
    "40":0,
    "45":3,
    "50":1,
    "55":0,
    "60":1,
    "65":2,
    "70":0,
    "80":"0"
  },
  {
    "DAY":"2010-05-27",
    "HOUR":20,
    "0":"0",
    "1":2,
    "3":6,
    "5":9,
    "7":5,
    "10":6,
    "13":2,
    "16":5,
    "19":2,
    "21":4,
    "25":3,
    "30":5,
    "35":2,
    "40":0,
    "45":2,
    "50":0,
    "55":0,
    "60":1,
    "65":0,
    "70":0,
    "80":"0"
  },
  {
    "DAY":"2010-05-27",
    "HOUR":21,
    "0":"0",
    "1":1,
    "3":7,
    "5":5,
    "7":3,
    "10":7,
    "13":4,
    "16":7,
    "19":4,
    "21":1,
    "25":2,
    "30":3,
    "35":1,
    "40":2,
    "45":1,
    "50":1,
    "55":0,
    "60":0,
    "65":0,
    "70":0,
    "80":"0"
  },
  {
    "DAY":"2010-05-27",
    "HOUR":22,
    "0":"0",
    "1":6,
    "3":10,
    "5":16,
    "7":15,
    "10":13,
    "13":9,
    "16":6,
    "19":5,
    "21":2,
    "25":3,
    "30":2,
    "35":3,
    "40":1,
    "45":2,
    "50":1,
    "55":2,
    "60":0,
    "65":2,
    "70":1,
    "80":"0"
  },
  {
    "DAY":"2010-05-27",
    "HOUR":23,
    "0":"0",
    "1":0,
    "3":4,
    "5":5,
    "7":2,
    "10":5,
    "13":9,
    "16":2,
    "19":1,
    "21":1,
    "25":2,
    "30":2,
    "35":1,
    "40":3,
    "45":1,
    "50":1,
    "55":4,
    "60":0,
    "65":0,
    "70":0,
    "80":"0"
  },
  {
    "DAY":"2010-05-28",
    "HOUR":0,
    "0":"0",
    "1":5,
    "3":17,
    "5":21,
    "7":14,
    "10":9,
    "13":11,
    "16":6,
    "19":4,
    "21":1,
    "25":4,
    "30":7,
    "35":2,
    "40":2,
    "45":2,
    "50":1,
    "55":0,
    "60":0,
    "65":0,
    "70":0,
    "80":"0"
  },
  {
    "DAY":"2010-05-28",
    "HOUR":1,
    "0":"0",
    "1":4,
    "3":16,
    "5":18,
    "7":5,
    "10":8,
    "13":5,
    "16":7,
    "19":2,
    "21":3,
    "25":4,
    "30":2,
    "35":0,
    "40":1,
    "45":2,
    "50":0,
    "55":0,
    "60":0,
    "65":0,
    "70":2,
    "80":"0"
  },
  {
    "DAY":"2010-05-28",
    "HOUR":2,
    "0":"0",
    "1":7,
    "3":8,
    "5":10,
    "7":10,
    "10":9,
    "13":6,
    "16":4,
    "19":8,
    "21":1,
    "25":3,
    "30":5,
    "35":4,
    "40":2,
    "45":1,
    "50":1,
    "55":1,
    "60":0,
    "65":1,
    "70":0,
    "80":"0"
  },
  {
    "DAY":"2010-05-28",
    "HOUR":3,
    "0":"0",
    "1":4,
    "3":13,
    "5":8,
    "7":12,
    "10":9,
    "13":5,
    "16":8,
    "19":5,
    "21":3,
    "25":2,
    "30":3,
    "35":1,
    "40":2,
    "45":0,
    "50":0,
    "55":1,
    "60":1,
    "65":0,
    "70":0,
    "80":"0"
  },
  {
    "DAY":"2010-05-28",
    "HOUR":4,
    "0":"0",
    "1":3,
    "3":13,
    "5":22,
    "7":12,
    "10":15,
    "13":12,
    "16":4,
    "19":10,
    "21":1,
    "25":3,
    "30":6,
    "35":5,
    "40":0,
    "45":7,
    "50":0,
    "55":1,
    "60":0,
    "65":0,
    "70":1,
    "80":"0"
  },
  {
    "DAY":"2010-05-28",
    "HOUR":5,
    "0":"0",
    "1":1,
    "3":13,
    "5":13,
    "7":9,
    "10":3,
    "13":8,
    "16":1,
    "19":6,
    "21":1,
    "25":6,
    "30":2,
    "35":1,
    "40":0,
    "45":2,
    "50":1,
    "55":1,
    "60":1,
    "65":0,
    "70":0,
    "80":"0"
  },
  {
    "DAY":"2010-05-28",
    "HOUR":6,
    "0":"0",
    "1":3,
    "3":4,
    "5":10,
    "7":3,
    "10":6,
    "13":5,
    "16":4,
    "19":0,
    "21":3,
    "25":2,
    "30":1,
    "35":2,
    "40":0,
    "45":2,
    "50":2,
    "55":1,
    "60":1,
    "65":1,
    "70":0,
    "80":"0"
  },
  {
    "DAY":"2010-05-28",
    "HOUR":7,
    "0":"0",
    "1":0,
    "3":6,
    "5":6,
    "7":4,
    "10":6,
    "13":11,
    "16":4,
    "19":5,
    "21":3,
    "25":5,
    "30":1,
    "35":2,
    "40":2,
    "45":3,
    "50":1,
    "55":0,
    "60":0,
    "65":0,
    "70":0,
    "80":"0"
  },
  {
    "DAY":"2010-05-28",
    "HOUR":8,
    "0":"0",
    "1":2,
    "3":10,
    "5":6,
    "7":7,
    "10":8,
    "13":5,
    "16":3,
    "19":2,
    "21":2,
    "25":3,
    "30":5,
    "35":1,
    "40":2,
    "45":0,
    "50":1,
    "55":1,
    "60":0,
    "65":1,
    "70":1,
    "80":"0"
  },
  {
    "DAY":"2010-05-28",
    "HOUR":9,
    "0":"0",
    "1":0,
    "3":1,
    "5":1,
    "7":1,
    "10":3,
    "13":0,
    "16":0,
    "19":1,
    "21":1,
    "25":1,
    "30":1,
    "35":1,
    "40":0,
    "45":0,
    "50":0,
    "55":0,
    "60":0,
    "65":0,
    "70":0,
    "80":"0"
  },
  {
    "DAY":"2010-05-28",
    "HOUR":21,
    "0":"0",
    "1":0,
    "3":0,
    "5":0,
    "7":0,
    "10":1,
    "13":0,
    "16":1,
    "19":1,
    "21":0,
    "25":1,
    "30":0,
    "35":0,
    "40":0,
    "45":0,
    "50":1,
    "55":0,
    "60":0,
    "65":1,
    "70":0,
    "80":"0"
  },
  {
    "DAY":"2010-05-28",
    "HOUR":22,
    "0":"0",
    "1":0,
    "3":5,
    "5":4,
    "7":5,
    "10":5,
    "13":8,
    "16":1,
    "19":4,
    "21":0,
    "25":3,
    "30":2,
    "35":1,
    "40":1,
    "45":1,
    "50":1,
    "55":0,
    "60":0,
    "65":2,
    "70":0,
    "80":"0"
  },
  {
    "DAY":"2010-05-30",
    "HOUR":12,
    "0":"0",
    "1":3,
    "3":5,
    "5":4,
    "7":13,
    "10":4,
    "13":4,
    "16":2,
    "19":1,
    "21":0,
    "25":1,
    "30":0,
    "35":0,
    "40":0,
    "45":0,
    "50":0,
    "55":0,
    "60":0,
    "65":0,
    "70":0,
    "80":"0"
  },
  {
    "DAY":"2010-05-30",
    "HOUR":13,
    "0":"0",
    "1":21,
    "3":89,
    "5":87,
    "7":56,
    "10":50,
    "13":21,
    "16":17,
    "19":9,
    "21":6,
    "25":4,
    "30":4,
    "35":0,
    "40":1,
    "45":0,
    "50":0,
    "55":0,
    "60":0,
    "65":0,
    "70":0,
    "80":"0"
  },
  {
    "DAY":"2010-05-30",
    "HOUR":14,
    "0":"0",
    "1":16,
    "3":65,
    "5":61,
    "7":38,
    "10":40,
    "13":8,
    "16":16,
    "19":4,
    "21":5,
    "25":3,
    "30":4,
    "35":2,
    "40":1,
    "45":0,
    "50":1,
    "55":0,
    "60":0,
    "65":0,
    "70":0,
    "80":"0"
  },
  {
    "DAY":"2010-05-30",
    "HOUR":15,
    "0":"0",
    "1":0,
    "3":1,
    "5":0,
    "7":1,
    "10":0,
    "13":0,
    "16":0,
    "19":0,
    "21":0,
    "25":0,
    "30":0,
    "35":0,
    "40":0,
    "45":0,
    "50":0,
    "55":0,
    "60":0,
    "65":0,
    "70":0,
    "80":"0"
  },
  {
    "DAY":"2010-05-30",
    "HOUR":16,
    "0":"0",
    "1":1,
    "3":4,
    "5":8,
    "7":4,
    "10":2,
    "13":2,
    "16":3,
    "19":3,
    "21":2,
    "25":2,
    "30":4,
    "35":4,
    "40":1,
    "45":1,
    "50":1,
    "55":0,
    "60":0,
    "65":0,
    "70":1,
    "80":"0"
  },
  {
    "DAY":"2010-05-30",
    "HOUR":17,
    "0":"0",
    "1":0,
    "3":1,
    "5":2,
    "7":2,
    "10":3,
    "13":2,
    "16":2,
    "19":2,
    "21":2,
    "25":1,
    "30":2,
    "35":3,
    "40":0,
    "45":0,
    "50":0,
    "55":0,
    "60":1,
    "65":2,
    "70":1,
    "80":"0"
  },
  {
    "DAY":"2010-05-30",
    "HOUR":18,
    "0":"0",
    "1":0,
    "3":0,
    "5":0,
    "7":1,
    "10":0,
    "13":2,
    "16":0,
    "19":0,
    "21":0,
    "25":1,
    "30":0,
    "35":1,
    "40":1,
    "45":0,
    "50":0,
    "55":0,
    "60":0,
    "65":0,
    "70":0,
    "80":"0"
  }
]