[
  {
    "DAY":"2010-05-23",
    "HOUR":20,
    "2":232,
    "3":16,
    "5":59,
    "7":19,
    "10":5,
    "13":10,
    "16":0,
    "19":0,
    "21":0,
    "25":0,
    "30":0,
    "35":0,
    "40":0,
    "45":0,
    "50":0,
    "55":"0",
    "60":"0",
    "65":"0",
    "70":"0",
    "75":"0",
    "80":"0",
    "85":"0",
    "90":"0",
    "95":"0",
    "100":"0"
  },
  {
    "DAY":"2010-05-23",
    "HOUR":21,
    "2":362,
    "3":31,
    "5":41,
    "7":34,
    "10":4,
    "13":2,
    "16":0,
    "19":0,
    "21":0,
    "25":0,
    "30":0,
    "35":0,
    "40":0,
    "45":0,
    "50":0,
    "55":"0",
    "60":"0",
    "65":"0",
    "70":"0",
    "75":"0",
    "80":"0",
    "85":"0",
    "90":"0",
    "95":"0",
    "100":"0"
  },
  {
    "DAY":"2010-05-23",
    "HOUR":22,
    "2":3,
    "3":2,
    "5":2,
    "7":5,
    "10":3,
    "13":1,
    "16":0,
    "19":0,
    "21":0,
    "25":0,
    "30":0,
    "35":0,
    "40":0,
    "45":0,
    "50":0,
    "55":"0",
    "60":"0",
    "65":"0",
    "70":"0",
    "75":"0",
    "80":"0",
    "85":"0",
    "90":"0",
    "95":"0",
    "100":"0"
  },
  {
    "DAY":"2010-05-23",
    "HOUR":23,
    "2":16,
    "3":0,
    "5":0,
    "7":0,
    "10":0,
    "13":0,
    "16":0,
    "19":0,
    "21":0,
    "25":0,
    "30":0,
    "35":0,
    "40":0,
    "45":0,
    "50":0,
    "55":"0",
    "60":"0",
    "65":"0",
    "70":"0",
    "75":"0",
    "80":"0",
    "85":"0",
    "90":"0",
    "95":"0",
    "100":"0"
  },
  {
    "DAY":"2010-05-24",
    "HOUR":0,
    "2":475,
    "3":58,
    "5":78,
    "7":17,
    "10":12,
    "13":1,
    "16":5,
    "19":0,
    "21":0,
    "25":0,
    "30":0,
    "35":0,
    "40":0,
    "45":0,
    "50":0,
    "55":"0",
    "60":"0",
    "65":"0",
    "70":"0",
    "75":"0",
    "80":"0",
    "85":"0",
    "90":"0",
    "95":"0",
    "100":"0"
  },
  {
    "DAY":"2010-05-24",
    "HOUR":1,
    "2":430,
    "3":34,
    "5":62,
    "7":4,
    "10":0,
    "13":6,
    "16":0,
    "19":0,
    "21":0,
    "25":0,
    "30":0,
    "35":0,
    "40":0,
    "45":0,
    "50":0,
    "55":"0",
    "60":"0",
    "65":"0",
    "70":"0",
    "75":"0",
    "80":"0",
    "85":"0",
    "90":"0",
    "95":"0",
    "100":"0"
  },
  {
    "DAY":"2010-05-24",
    "HOUR":2,
    "2":293,
    "3":31,
    "5":41,
    "7":3,
    "10":0,
    "13":0,
    "16":0,
    "19":0,
    "21":0,
    "25":0,
    "30":0,
    "35":0,
    "40":0,
    "45":0,
    "50":0,
    "55":"0",
    "60":"0",
    "65":"0",
    "70":"0",
    "75":"0",
    "80":"0",
    "85":"0",
    "90":"0",
    "95":"0",
    "100":"0"
  },
  {
    "DAY":"2010-05-24",
    "HOUR":3,
    "2":138,
    "3":2,
    "5":0,
    "7":0,
    "10":0,
    "13":0,
    "16":0,
    "19":0,
    "21":0,
    "25":0,
    "30":0,
    "35":0,
    "40":0,
    "45":0,
    "50":0,
    "55":"0",
    "60":"0",
    "65":"0",
    "70":"0",
    "75":"0",
    "80":"0",
    "85":"0",
    "90":"0",
    "95":"0",
    "100":"0"
  },
  {
    "DAY":"2010-05-24",
    "HOUR":4,
    "2":101,
    "3":18,
    "5":45,
    "7":0,
    "10":0,
    "13":0,
    "16":0,
    "19":0,
    "21":0,
    "25":0,
    "30":0,
    "35":0,
    "40":0,
    "45":0,
    "50":0,
    "55":"0",
    "60":"0",
    "65":"0",
    "70":"0",
    "75":"0",
    "80":"0",
    "85":"0",
    "90":"0",
    "95":"0",
    "100":"0"
  },
  {
    "DAY":"2010-05-24",
    "HOUR":5,
    "2":99,
    "3":1,
    "5":0,
    "7":0,
    "10":0,
    "13":0,
    "16":0,
    "19":0,
    "21":0,
    "25":0,
    "30":0,
    "35":0,
    "40":0,
    "45":0,
    "50":0,
    "55":"0",
    "60":"0",
    "65":"0",
    "70":"0",
    "75":"0",
    "80":"0",
    "85":"0",
    "90":"0",
    "95":"0",
    "100":"0"
  },
  {
    "DAY":"2010-05-24",
    "HOUR":7,
    "2":163,
    "3":7,
    "5":3,
    "7":4,
    "10":0,
    "13":0,
    "16":0,
    "19":0,
    "21":0,
    "25":0,
    "30":0,
    "35":0,
    "40":0,
    "45":0,
    "50":0,
    "55":"0",
    "60":"0",
    "65":"0",
    "70":"0",
    "75":"0",
    "80":"0",
    "85":"0",
    "90":"0",
    "95":"0",
    "100":"0"
  },
  {
    "DAY":"2010-05-24",
    "HOUR":8,
    "2":510,
    "3":46,
    "5":88,
    "7":27,
    "10":14,
    "13":0,
    "16":0,
    "19":0,
    "21":0,
    "25":0,
    "30":0,
    "35":0,
    "40":0,
    "45":0,
    "50":0,
    "55":"0",
    "60":"0",
    "65":"0",
    "70":"0",
    "75":"0",
    "80":"0",
    "85":"0",
    "90":"0",
    "95":"0",
    "100":"0"
  },
  {
    "DAY":"2010-05-24",
    "HOUR":9,
    "2":32,
    "3":3,
    "5":10,
    "7":13,
    "10":16,
    "13":11,
    "16":0,
    "19":0,
    "21":0,
    "25":0,
    "30":0,
    "35":0,
    "40":0,
    "45":0,
    "50":0,
    "55":"0",
    "60":"0",
    "65":"0",
    "70":"0",
    "75":"0",
    "80":"0",
    "85":"0",
    "90":"0",
    "95":"0",
    "100":"0"
  },
  {
    "DAY":"2010-05-24",
    "HOUR":10,
    "2":201,
    "3":2,
    "5":10,
    "7":0,
    "10":0,
    "13":0,
    "16":0,
    "19":0,
    "21":0,
    "25":0,
    "30":0,
    "35":0,
    "40":0,
    "45":0,
    "50":0,
    "55":"0",
    "60":"0",
    "65":"0",
    "70":"0",
    "75":"0",
    "80":"0",
    "85":"0",
    "90":"0",
    "95":"0",
    "100":"0"
  },
  {
    "DAY":"2010-05-24",
    "HOUR":11,
    "2":196,
    "3":10,
    "5":7,
    "7":4,
    "10":0,
    "13":0,
    "16":0,
    "19":0,
    "21":0,
    "25":0,
    "30":0,
    "35":0,
    "40":0,
    "45":0,
    "50":0,
    "55":"0",
    "60":"0",
    "65":"0",
    "70":"0",
    "75":"0",
    "80":"0",
    "85":"0",
    "90":"0",
    "95":"0",
    "100":"0"
  },
  {
    "DAY":"2010-05-24",
    "HOUR":13,
    "2":380,
    "3":15,
    "5":14,
    "7":13,
    "10":7,
    "13":7,
    "16":4,
    "19":0,
    "21":0,
    "25":0,
    "30":0,
    "35":0,
    "40":0,
    "45":0,
    "50":0,
    "55":"0",
    "60":"0",
    "65":"0",
    "70":"0",
    "75":"0",
    "80":"0",
    "85":"0",
    "90":"0",
    "95":"0",
    "100":"0"
  },
  {
    "DAY":"2010-05-24",
    "HOUR":15,
    "2":300,
    "3":33,
    "5":13,
    "7":5,
    "10":16,
    "13":13,
    "16":3,
    "19":0,
    "21":0,
    "25":0,
    "30":0,
    "35":0,
    "40":0,
    "45":0,
    "50":0,
    "55":"0",
    "60":"0",
    "65":"0",
    "70":"0",
    "75":"0",
    "80":"0",
    "85":"0",
    "90":"0",
    "95":"0",
    "100":"0"
  },
  {
    "DAY":"2010-05-24",
    "HOUR":16,
    "2":19,
    "3":0,
    "5":11,
    "7":11,
    "10":0,
    "13":0,
    "16":0,
    "19":0,
    "21":0,
    "25":0,
    "30":0,
    "35":0,
    "40":0,
    "45":0,
    "50":0,
    "55":"0",
    "60":"0",
    "65":"0",
    "70":"0",
    "75":"0",
    "80":"0",
    "85":"0",
    "90":"0",
    "95":"0",
    "100":"0"
  },
  {
    "DAY":"2010-05-24",
    "HOUR":17,
    "2":124,
    "3":0,
    "5":5,
    "7":6,
    "10":4,
    "13":0,
    "16":0,
    "19":0,
    "21":0,
    "25":0,
    "30":0,
    "35":0,
    "40":0,
    "45":0,
    "50":0,
    "55":"0",
    "60":"0",
    "65":"0",
    "70":"0",
    "75":"0",
    "80":"0",
    "85":"0",
    "90":"0",
    "95":"0",
    "100":"0"
  },
  {
    "DAY":"2010-05-24",
    "HOUR":18,
    "2":402,
    "3":15,
    "5":16,
    "7":6,
    "10":0,
    "13":0,
    "16":0,
    "19":0,
    "21":0,
    "25":0,
    "30":0,
    "35":0,
    "40":0,
    "45":0,
    "50":0,
    "55":"0",
    "60":"0",
    "65":"0",
    "70":"0",
    "75":"0",
    "80":"0",
    "85":"0",
    "90":"0",
    "95":"0",
    "100":"0"
  },
  {
    "DAY":"2010-05-24",
    "HOUR":19,
    "2":208,
    "3":7,
    "5":25,
    "7":2,
    "10":4,
    "13":0,
    "16":0,
    "19":0,
    "21":0,
    "25":0,
    "30":0,
    "35":0,
    "40":0,
    "45":0,
    "50":0,
    "55":"0",
    "60":"0",
    "65":"0",
    "70":"0",
    "75":"0",
    "80":"0",
    "85":"0",
    "90":"0",
    "95":"0",
    "100":"0"
  },
  {
    "DAY":"2010-05-24",
    "HOUR":20,
    "2":59,
    "3":14,
    "5":18,
    "7":13,
    "10":7,
    "13":4,
    "16":0,
    "19":0,
    "21":0,
    "25":0,
    "30":0,
    "35":0,
    "40":0,
    "45":0,
    "50":0,
    "55":"0",
    "60":"0",
    "65":"0",
    "70":"0",
    "75":"0",
    "80":"0",
    "85":"0",
    "90":"0",
    "95":"0",
    "100":"0"
  },
  {
    "DAY":"2010-05-24",
    "HOUR":21,
    "2":357,
    "3":8,
    "5":30,
    "7":19,
    "10":7,
    "13":8,
    "16":9,
    "19":0,
    "21":1,
    "25":2,
    "30":3,
    "35":4,
    "40":2,
    "45":5,
    "50":0,
    "55":"0",
    "60":"0",
    "65":"0",
    "70":"0",
    "75":"0",
    "80":"0",
    "85":"0",
    "90":"0",
    "95":"0",
    "100":"0"
  },
  {
    "DAY":"2010-05-24",
    "HOUR":22,
    "2":116,
    "3":6,
    "5":23,
    "7":12,
    "10":4,
    "13":0,
    "16":0,
    "19":0,
    "21":0,
    "25":0,
    "30":0,
    "35":0,
    "40":0,
    "45":0,
    "50":0,
    "55":"0",
    "60":"0",
    "65":"0",
    "70":"0",
    "75":"0",
    "80":"0",
    "85":"0",
    "90":"0",
    "95":"0",
    "100":"0"
  },
  {
    "DAY":"2010-05-24",
    "HOUR":23,
    "2":180,
    "3":4,
    "5":21,
    "7":1,
    "10":0,
    "13":1,
    "16":0,
    "19":1,
    "21":1,
    "25":0,
    "30":5,
    "35":8,
    "40":2,
    "45":1,
    "50":5,
    "55":"0",
    "60":"0",
    "65":"0",
    "70":"0",
    "75":"0",
    "80":"0",
    "85":"0",
    "90":"0",
    "95":"0",
    "100":"0"
  },
  {
    "DAY":"2010-05-25",
    "HOUR":0,
    "2":366,
    "3":36,
    "5":45,
    "7":10,
    "10":12,
    "13":12,
    "16":0,
    "19":0,
    "21":0,
    "25":0,
    "30":0,
    "35":0,
    "40":0,
    "45":0,
    "50":0,
    "55":"0",
    "60":"0",
    "65":"0",
    "70":"0",
    "75":"0",
    "80":"0",
    "85":"0",
    "90":"0",
    "95":"0",
    "100":"0"
  },
  {
    "DAY":"2010-05-25",
    "HOUR":2,
    "2":12,
    "3":0,
    "5":4,
    "7":0,
    "10":0,
    "13":0,
    "16":0,
    "19":0,
    "21":0,
    "25":0,
    "30":0,
    "35":0,
    "40":0,
    "45":0,
    "50":0,
    "55":"0",
    "60":"0",
    "65":"0",
    "70":"0",
    "75":"0",
    "80":"0",
    "85":"0",
    "90":"0",
    "95":"0",
    "100":"0"
  },
  {
    "DAY":"2010-05-25",
    "HOUR":3,
    "2":243,
    "3":27,
    "5":40,
    "7":12,
    "10":8,
    "13":9,
    "16":8,
    "19":5,
    "21":6,
    "25":0,
    "30":0,
    "35":0,
    "40":0,
    "45":0,
    "50":0,
    "55":"0",
    "60":"0",
    "65":"0",
    "70":"0",
    "75":"0",
    "80":"0",
    "85":"0",
    "90":"0",
    "95":"0",
    "100":"0"
  },
  {
    "DAY":"2010-05-25",
    "HOUR":4,
    "2":269,
    "3":12,
    "5":28,
    "7":13,
    "10":10,
    "13":7,
    "16":4,
    "19":5,
    "21":3,
    "25":0,
    "30":0,
    "35":0,
    "40":0,
    "45":0,
    "50":0,
    "55":"0",
    "60":"0",
    "65":"0",
    "70":"0",
    "75":"0",
    "80":"0",
    "85":"0",
    "90":"0",
    "95":"0",
    "100":"0"
  },
  {
    "DAY":"2010-05-25",
    "HOUR":5,
    "2":179,
    "3":11,
    "5":73,
    "7":23,
    "10":8,
    "13":0,
    "16":0,
    "19":0,
    "21":0,
    "25":0,
    "30":0,
    "35":0,
    "40":0,
    "45":0,
    "50":0,
    "55":"0",
    "60":"0",
    "65":"0",
    "70":"0",
    "75":"0",
    "80":"0",
    "85":"0",
    "90":"0",
    "95":"0",
    "100":"0"
  },
  {
    "DAY":"2010-05-25",
    "HOUR":6,
    "2":409,
    "3":7,
    "5":36,
    "7":27,
    "10":16,
    "13":0,
    "16":0,
    "19":0,
    "21":0,
    "25":0,
    "30":0,
    "35":0,
    "40":0,
    "45":0,
    "50":0,
    "55":"0",
    "60":"0",
    "65":"0",
    "70":"0",
    "75":"0",
    "80":"0",
    "85":"0",
    "90":"0",
    "95":"0",
    "100":"0"
  },
  {
    "DAY":"2010-05-25",
    "HOUR":7,
    "2":442,
    "3":18,
    "5":61,
    "7":10,
    "10":23,
    "13":13,
    "16":0,
    "19":0,
    "21":0,
    "25":0,
    "30":0,
    "35":0,
    "40":0,
    "45":0,
    "50":0,
    "55":"0",
    "60":"0",
    "65":"0",
    "70":"0",
    "75":"0",
    "80":"0",
    "85":"0",
    "90":"0",
    "95":"0",
    "100":"0"
  },
  {
    "DAY":"2010-05-25",
    "HOUR":8,
    "2":248,
    "3":7,
    "5":17,
    "7":18,
    "10":6,
    "13":2,
    "16":4,
    "19":15,
    "21":0,
    "25":0,
    "30":0,
    "35":0,
    "40":0,
    "45":0,
    "50":0,
    "55":"0",
    "60":"0",
    "65":"0",
    "70":"0",
    "75":"0",
    "80":"0",
    "85":"0",
    "90":"0",
    "95":"0",
    "100":"0"
  },
  {
    "DAY":"2010-05-25",
    "HOUR":9,
    "2":66,
    "3":14,
    "5":27,
    "7":4,
    "10":4,
    "13":0,
    "16":0,
    "19":0,
    "21":0,
    "25":0,
    "30":0,
    "35":0,
    "40":0,
    "45":0,
    "50":0,
    "55":"0",
    "60":"0",
    "65":"0",
    "70":"0",
    "75":"0",
    "80":"0",
    "85":"0",
    "90":"0",
    "95":"0",
    "100":"0"
  },
  {
    "DAY":"2010-05-25",
    "HOUR":10,
    "2":279,
    "3":16,
    "5":34,
    "7":10,
    "10":13,
    "13":4,
    "16":0,
    "19":0,
    "21":0,
    "25":0,
    "30":0,
    "35":0,
    "40":0,
    "45":0,
    "50":0,
    "55":"0",
    "60":"0",
    "65":"0",
    "70":"0",
    "75":"0",
    "80":"0",
    "85":"0",
    "90":"0",
    "95":"0",
    "100":"0"
  },
  {
    "DAY":"2010-05-25",
    "HOUR":11,
    "2":94,
    "3":24,
    "5":33,
    "7":1,
    "10":5,
    "13":0,
    "16":0,
    "19":0,
    "21":0,
    "25":0,
    "30":0,
    "35":0,
    "40":0,
    "45":0,
    "50":0,
    "55":"0",
    "60":"0",
    "65":"0",
    "70":"0",
    "75":"0",
    "80":"0",
    "85":"0",
    "90":"0",
    "95":"0",
    "100":"0"
  },
  {
    "DAY":"2010-05-25",
    "HOUR":12,
    "2":214,
    "3":4,
    "5":40,
    "7":25,
    "10":3,
    "13":3,
    "16":5,
    "19":2,
    "21":2,
    "25":0,
    "30":0,
    "35":0,
    "40":0,
    "45":0,
    "50":0,
    "55":"0",
    "60":"0",
    "65":"0",
    "70":"0",
    "75":"0",
    "80":"0",
    "85":"0",
    "90":"0",
    "95":"0",
    "100":"0"
  },
  {
    "DAY":"2010-05-25",
    "HOUR":14,
    "2":31,
    "3":2,
    "5":4,
    "7":3,
    "10":2,
    "13":3,
    "16":4,
    "19":0,
    "21":0,
    "25":0,
    "30":0,
    "35":0,
    "40":0,
    "45":0,
    "50":0,
    "55":"0",
    "60":"0",
    "65":"0",
    "70":"0",
    "75":"0",
    "80":"0",
    "85":"0",
    "90":"0",
    "95":"0",
    "100":"0"
  },
  {
    "DAY":"2010-05-25",
    "HOUR":15,
    "2":362,
    "3":14,
    "5":47,
    "7":15,
    "10":1,
    "13":0,
    "16":0,
    "19":0,
    "21":0,
    "25":0,
    "30":0,
    "35":0,
    "40":0,
    "45":0,
    "50":0,
    "55":"0",
    "60":"0",
    "65":"0",
    "70":"0",
    "75":"0",
    "80":"0",
    "85":"0",
    "90":"0",
    "95":"0",
    "100":"0"
  },
  {
    "DAY":"2010-05-25",
    "HOUR":17,
    "2":170,
    "3":3,
    "5":10,
    "7":10,
    "10":0,
    "13":0,
    "16":0,
    "19":0,
    "21":0,
    "25":0,
    "30":0,
    "35":0,
    "40":0,
    "45":0,
    "50":0,
    "55":"0",
    "60":"0",
    "65":"0",
    "70":"0",
    "75":"0",
    "80":"0",
    "85":"0",
    "90":"0",
    "95":"0",
    "100":"0"
  },
  {
    "DAY":"2010-05-25",
    "HOUR":18,
    "2":22,
    "3":0,
    "5":3,
    "7":0,
    "10":0,
    "13":0,
    "16":0,
    "19":0,
    "21":0,
    "25":0,
    "30":0,
    "35":0,
    "40":0,
    "45":0,
    "50":0,
    "55":"0",
    "60":"0",
    "65":"0",
    "70":"0",
    "75":"0",
    "80":"0",
    "85":"0",
    "90":"0",
    "95":"0",
    "100":"0"
  },
  {
    "DAY":"2010-05-25",
    "HOUR":19,
    "2":23,
    "3":1,
    "5":9,
    "7":0,
    "10":0,
    "13":0,
    "16":0,
    "19":0,
    "21":0,
    "25":0,
    "30":0,
    "35":0,
    "40":0,
    "45":0,
    "50":0,
    "55":"0",
    "60":"0",
    "65":"0",
    "70":"0",
    "75":"0",
    "80":"0",
    "85":"0",
    "90":"0",
    "95":"0",
    "100":"0"
  },
  {
    "DAY":"2010-05-25",
    "HOUR":21,
    "2":326,
    "3":14,
    "5":46,
    "7":24,
    "10":19,
    "13":10,
    "16":7,
    "19":2,
    "21":0,
    "25":0,
    "30":0,
    "35":0,
    "40":0,
    "45":0,
    "50":0,
    "55":"0",
    "60":"0",
    "65":"0",
    "70":"0",
    "75":"0",
    "80":"0",
    "85":"0",
    "90":"0",
    "95":"0",
    "100":"0"
  },
  {
    "DAY":"2010-05-25",
    "HOUR":23,
    "2":11,
    "3":2,
    "5":3,
    "7":0,
    "10":0,
    "13":0,
    "16":0,
    "19":0,
    "21":0,
    "25":0,
    "30":0,
    "35":0,
    "40":0,
    "45":0,
    "50":0,
    "55":"0",
    "60":"0",
    "65":"0",
    "70":"0",
    "75":"0",
    "80":"0",
    "85":"0",
    "90":"0",
    "95":"0",
    "100":"0"
  },
  {
    "DAY":"2010-05-26",
    "HOUR":0,
    "2":364,
    "3":38,
    "5":43,
    "7":14,
    "10":0,
    "13":0,
    "16":0,
    "19":0,
    "21":0,
    "25":0,
    "30":0,
    "35":0,
    "40":0,
    "45":0,
    "50":0,
    "55":"0",
    "60":"0",
    "65":"0",
    "70":"0",
    "75":"0",
    "80":"0",
    "85":"0",
    "90":"0",
    "95":"0",
    "100":"0"
  },
  {
    "DAY":"2010-05-26",
    "HOUR":1,
    "2":9,
    "3":1,
    "5":3,
    "7":0,
    "10":0,
    "13":0,
    "16":0,
    "19":0,
    "21":0,
    "25":0,
    "30":0,
    "35":0,
    "40":0,
    "45":0,
    "50":0,
    "55":"0",
    "60":"0",
    "65":"0",
    "70":"0",
    "75":"0",
    "80":"0",
    "85":"0",
    "90":"0",
    "95":"0",
    "100":"0"
  },
  {
    "DAY":"2010-05-26",
    "HOUR":2,
    "2":51,
    "3":7,
    "5":19,
    "7":10,
    "10":7,
    "13":0,
    "16":0,
    "19":0,
    "21":0,
    "25":0,
    "30":0,
    "35":0,
    "40":0,
    "45":0,
    "50":0,
    "55":"0",
    "60":"0",
    "65":"0",
    "70":"0",
    "75":"0",
    "80":"0",
    "85":"0",
    "90":"0",
    "95":"0",
    "100":"0"
  },
  {
    "DAY":"2010-05-26",
    "HOUR":3,
    "2":517,
    "3":42,
    "5":37,
    "7":21,
    "10":14,
    "13":9,
    "16":11,
    "19":0,
    "21":0,
    "25":0,
    "30":0,
    "35":0,
    "40":0,
    "45":0,
    "50":0,
    "55":"0",
    "60":"0",
    "65":"0",
    "70":"0",
    "75":"0",
    "80":"0",
    "85":"0",
    "90":"0",
    "95":"0",
    "100":"0"
  },
  {
    "DAY":"2010-05-26",
    "HOUR":4,
    "2":9,
    "3":1,
    "5":4,
    "7":0,
    "10":0,
    "13":0,
    "16":0,
    "19":0,
    "21":0,
    "25":0,
    "30":0,
    "35":0,
    "40":0,
    "45":0,
    "50":0,
    "55":"0",
    "60":"0",
    "65":"0",
    "70":"0",
    "75":"0",
    "80":"0",
    "85":"0",
    "90":"0",
    "95":"0",
    "100":"0"
  },
  {
    "DAY":"2010-05-26",
    "HOUR":5,
    "2":331,
    "3":32,
    "5":56,
    "7":13,
    "10":4,
    "13":1,
    "16":4,
    "19":4,
    "21":0,
    "25":0,
    "30":0,
    "35":0,
    "40":0,
    "45":0,
    "50":0,
    "55":"0",
    "60":"0",
    "65":"0",
    "70":"0",
    "75":"0",
    "80":"0",
    "85":"0",
    "90":"0",
    "95":"0",
    "100":"0"
  },
  {
    "DAY":"2010-05-26",
    "HOUR":6,
    "2":582,
    "3":14,
    "5":55,
    "7":17,
    "10":15,
    "13":0,
    "16":0,
    "19":0,
    "21":0,
    "25":0,
    "30":0,
    "35":0,
    "40":0,
    "45":0,
    "50":0,
    "55":"0",
    "60":"0",
    "65":"0",
    "70":"0",
    "75":"0",
    "80":"0",
    "85":"0",
    "90":"0",
    "95":"0",
    "100":"0"
  },
  {
    "DAY":"2010-05-26",
    "HOUR":7,
    "2":53,
    "3":1,
    "5":12,
    "7":0,
    "10":0,
    "13":0,
    "16":0,
    "19":0,
    "21":0,
    "25":0,
    "30":0,
    "35":0,
    "40":0,
    "45":0,
    "50":0,
    "55":"0",
    "60":"0",
    "65":"0",
    "70":"0",
    "75":"0",
    "80":"0",
    "85":"0",
    "90":"0",
    "95":"0",
    "100":"0"
  },
  {
    "DAY":"2010-05-26",
    "HOUR":8,
    "2":122,
    "3":6,
    "5":16,
    "7":14,
    "10":19,
    "13":3,
    "16":4,
    "19":5,
    "21":0,
    "25":0,
    "30":0,
    "35":0,
    "40":0,
    "45":0,
    "50":0,
    "55":"0",
    "60":"0",
    "65":"0",
    "70":"0",
    "75":"0",
    "80":"0",
    "85":"0",
    "90":"0",
    "95":"0",
    "100":"0"
  },
  {
    "DAY":"2010-05-26",
    "HOUR":9,
    "2":789,
    "3":31,
    "5":38,
    "7":26,
    "10":42,
    "13":28,
    "16":14,
    "19":26,
    "21":6,
    "25":16,
    "30":11,
    "35":2,
    "40":0,
    "45":0,
    "50":0,
    "55":"0",
    "60":"0",
    "65":"0",
    "70":"0",
    "75":"0",
    "80":"0",
    "85":"0",
    "90":"0",
    "95":"0",
    "100":"0"
  },
  {
    "DAY":"2010-05-26",
    "HOUR":10,
    "2":23,
    "3":7,
    "5":7,
    "7":0,
    "10":0,
    "13":0,
    "16":0,
    "19":0,
    "21":0,
    "25":0,
    "30":0,
    "35":0,
    "40":0,
    "45":0,
    "50":0,
    "55":"0",
    "60":"0",
    "65":"0",
    "70":"0",
    "75":"0",
    "80":"0",
    "85":"0",
    "90":"0",
    "95":"0",
    "100":"0"
  },
  {
    "DAY":"2010-05-26",
    "HOUR":11,
    "2":19,
    "3":4,
    "5":10,
    "7":4,
    "10":0,
    "13":0,
    "16":0,
    "19":0,
    "21":0,
    "25":0,
    "30":0,
    "35":0,
    "40":0,
    "45":0,
    "50":0,
    "55":"0",
    "60":"0",
    "65":"0",
    "70":"0",
    "75":"0",
    "80":"0",
    "85":"0",
    "90":"0",
    "95":"0",
    "100":"0"
  },
  {
    "DAY":"2010-05-26",
    "HOUR":12,
    "2":716,
    "3":45,
    "5":66,
    "7":24,
    "10":17,
    "13":6,
    "16":5,
    "19":4,
    "21":2,
    "25":7,
    "30":0,
    "35":0,
    "40":0,
    "45":0,
    "50":0,
    "55":"0",
    "60":"0",
    "65":"0",
    "70":"0",
    "75":"0",
    "80":"0",
    "85":"0",
    "90":"0",
    "95":"0",
    "100":"0"
  },
  {
    "DAY":"2010-05-26",
    "HOUR":13,
    "2":333,
    "3":4,
    "5":19,
    "7":5,
    "10":2,
    "13":4,
    "16":0,
    "19":0,
    "21":0,
    "25":0,
    "30":0,
    "35":0,
    "40":0,
    "45":0,
    "50":0,
    "55":"0",
    "60":"0",
    "65":"0",
    "70":"0",
    "75":"0",
    "80":"0",
    "85":"0",
    "90":"0",
    "95":"0",
    "100":"0"
  },
  {
    "DAY":"2010-05-26",
    "HOUR":14,
    "2":323,
    "3":19,
    "5":32,
    "7":11,
    "10":18,
    "13":1,
    "16":3,
    "19":2,
    "21":0,
    "25":5,
    "30":6,
    "35":3,
    "40":2,
    "45":3,
    "50":0,
    "55":"0",
    "60":"0",
    "65":"0",
    "70":"0",
    "75":"0",
    "80":"0",
    "85":"0",
    "90":"0",
    "95":"0",
    "100":"0"
  },
  {
    "DAY":"2010-05-26",
    "HOUR":15,
    "2":196,
    "3":15,
    "5":49,
    "7":14,
    "10":9,
    "13":3,
    "16":3,
    "19":0,
    "21":0,
    "25":0,
    "30":0,
    "35":0,
    "40":0,
    "45":0,
    "50":0,
    "55":"0",
    "60":"0",
    "65":"0",
    "70":"0",
    "75":"0",
    "80":"0",
    "85":"0",
    "90":"0",
    "95":"0",
    "100":"0"
  },
  {
    "DAY":"2010-05-26",
    "HOUR":16,
    "2":327,
    "3":37,
    "5":52,
    "7":16,
    "10":5,
    "13":0,
    "16":0,
    "19":0,
    "21":0,
    "25":0,
    "30":0,
    "35":0,
    "40":0,
    "45":0,
    "50":0,
    "55":"0",
    "60":"0",
    "65":"0",
    "70":"0",
    "75":"0",
    "80":"0",
    "85":"0",
    "90":"0",
    "95":"0",
    "100":"0"
  },
  {
    "DAY":"2010-05-26",
    "HOUR":17,
    "2":526,
    "3":11,
    "5":27,
    "7":10,
    "10":6,
    "13":0,
    "16":0,
    "19":0,
    "21":0,
    "25":0,
    "30":0,
    "35":0,
    "40":0,
    "45":0,
    "50":0,
    "55":"0",
    "60":"0",
    "65":"0",
    "70":"0",
    "75":"0",
    "80":"0",
    "85":"0",
    "90":"0",
    "95":"0",
    "100":"0"
  },
  {
    "DAY":"2010-05-26",
    "HOUR":18,
    "2":204,
    "3":4,
    "5":12,
    "7":10,
    "10":0,
    "13":0,
    "16":0,
    "19":0,
    "21":0,
    "25":0,
    "30":0,
    "35":0,
    "40":0,
    "45":0,
    "50":0,
    "55":"0",
    "60":"0",
    "65":"0",
    "70":"0",
    "75":"0",
    "80":"0",
    "85":"0",
    "90":"0",
    "95":"0",
    "100":"0"
  },
  {
    "DAY":"2010-05-26",
    "HOUR":19,
    "2":278,
    "3":10,
    "5":34,
    "7":6,
    "10":19,
    "13":7,
    "16":0,
    "19":0,
    "21":0,
    "25":0,
    "30":0,
    "35":0,
    "40":0,
    "45":0,
    "50":0,
    "55":"0",
    "60":"0",
    "65":"0",
    "70":"0",
    "75":"0",
    "80":"0",
    "85":"0",
    "90":"0",
    "95":"0",
    "100":"0"
  },
  {
    "DAY":"2010-05-26",
    "HOUR":20,
    "2":1165,
    "3":16,
    "5":46,
    "7":7,
    "10":2,
    "13":1,
    "16":5,
    "19":0,
    "21":0,
    "25":0,
    "30":0,
    "35":0,
    "40":0,
    "45":0,
    "50":0,
    "55":"0",
    "60":"0",
    "65":"0",
    "70":"0",
    "75":"0",
    "80":"0",
    "85":"0",
    "90":"0",
    "95":"0",
    "100":"0"
  },
  {
    "DAY":"2010-05-26",
    "HOUR":21,
    "2":233,
    "3":24,
    "5":51,
    "7":4,
    "10":9,
    "13":5,
    "16":8,
    "19":0,
    "21":0,
    "25":0,
    "30":0,
    "35":0,
    "40":0,
    "45":0,
    "50":0,
    "55":"0",
    "60":"0",
    "65":"0",
    "70":"0",
    "75":"0",
    "80":"0",
    "85":"0",
    "90":"0",
    "95":"0",
    "100":"0"
  },
  {
    "DAY":"2010-05-26",
    "HOUR":22,
    "2":240,
    "3":5,
    "5":27,
    "7":7,
    "10":7,
    "13":0,
    "16":0,
    "19":0,
    "21":0,
    "25":0,
    "30":0,
    "35":0,
    "40":0,
    "45":0,
    "50":0,
    "55":"0",
    "60":"0",
    "65":"0",
    "70":"0",
    "75":"0",
    "80":"0",
    "85":"0",
    "90":"0",
    "95":"0",
    "100":"0"
  },
  {
    "DAY":"2010-05-26",
    "HOUR":23,
    "2":132,
    "3":8,
    "5":20,
    "7":2,
    "10":8,
    "13":1,
    "16":3,
    "19":0,
    "21":0,
    "25":0,
    "30":0,
    "35":0,
    "40":0,
    "45":0,
    "50":0,
    "55":"0",
    "60":"0",
    "65":"0",
    "70":"0",
    "75":"0",
    "80":"0",
    "85":"0",
    "90":"0",
    "95":"0",
    "100":"0"
  },
  {
    "DAY":"2010-05-27",
    "HOUR":0,
    "2":352,
    "3":20,
    "5":40,
    "7":9,
    "10":1,
    "13":1,
    "16":1,
    "19":2,
    "21":1,
    "25":6,
    "30":0,
    "35":0,
    "40":0,
    "45":0,
    "50":0,
    "55":"0",
    "60":"0",
    "65":"0",
    "70":"0",
    "75":"0",
    "80":"0",
    "85":"0",
    "90":"0",
    "95":"0",
    "100":"0"
  },
  {
    "DAY":"2010-05-27",
    "HOUR":1,
    "2":585,
    "3":50,
    "5":80,
    "7":21,
    "10":35,
    "13":26,
    "16":11,
    "19":0,
    "21":0,
    "25":1,
    "30":0,
    "35":4,
    "40":0,
    "45":0,
    "50":0,
    "55":"0",
    "60":"0",
    "65":"0",
    "70":"0",
    "75":"0",
    "80":"0",
    "85":"0",
    "90":"0",
    "95":"0",
    "100":"0"
  },
  {
    "DAY":"2010-05-27",
    "HOUR":2,
    "2":307,
    "3":10,
    "5":18,
    "7":0,
    "10":0,
    "13":0,
    "16":1,
    "19":0,
    "21":0,
    "25":0,
    "30":0,
    "35":0,
    "40":0,
    "45":0,
    "50":0,
    "55":"0",
    "60":"0",
    "65":"0",
    "70":"0",
    "75":"0",
    "80":"0",
    "85":"0",
    "90":"0",
    "95":"0",
    "100":"0"
  },
  {
    "DAY":"2010-05-27",
    "HOUR":3,
    "2":127,
    "3":19,
    "5":58,
    "7":12,
    "10":0,
    "13":0,
    "16":0,
    "19":0,
    "21":0,
    "25":0,
    "30":0,
    "35":0,
    "40":0,
    "45":0,
    "50":0,
    "55":"0",
    "60":"0",
    "65":"0",
    "70":"0",
    "75":"0",
    "80":"0",
    "85":"0",
    "90":"0",
    "95":"0",
    "100":"0"
  },
  {
    "DAY":"2010-05-27",
    "HOUR":4,
    "2":126,
    "3":19,
    "5":50,
    "7":16,
    "10":0,
    "13":0,
    "16":0,
    "19":0,
    "21":0,
    "25":0,
    "30":0,
    "35":0,
    "40":0,
    "45":0,
    "50":0,
    "55":"0",
    "60":"0",
    "65":"0",
    "70":"0",
    "75":"0",
    "80":"0",
    "85":"0",
    "90":"0",
    "95":"0",
    "100":"0"
  },
  {
    "DAY":"2010-05-27",
    "HOUR":5,
    "2":382,
    "3":17,
    "5":38,
    "7":16,
    "10":22,
    "13":7,
    "16":9,
    "19":7,
    "21":0,
    "25":0,
    "30":0,
    "35":0,
    "40":0,
    "45":0,
    "50":0,
    "55":"0",
    "60":"0",
    "65":"0",
    "70":"0",
    "75":"0",
    "80":"0",
    "85":"0",
    "90":"0",
    "95":"0",
    "100":"0"
  },
  {
    "DAY":"2010-05-27",
    "HOUR":6,
    "2":39,
    "3":9,
    "5":9,
    "7":0,
    "10":0,
    "13":0,
    "16":0,
    "19":0,
    "21":0,
    "25":0,
    "30":0,
    "35":0,
    "40":0,
    "45":0,
    "50":0,
    "55":"0",
    "60":"0",
    "65":"0",
    "70":"0",
    "75":"0",
    "80":"0",
    "85":"0",
    "90":"0",
    "95":"0",
    "100":"0"
  },
  {
    "DAY":"2010-05-27",
    "HOUR":7,
    "2":95,
    "3":17,
    "5":40,
    "7":8,
    "10":5,
    "13":0,
    "16":0,
    "19":0,
    "21":0,
    "25":0,
    "30":0,
    "35":0,
    "40":0,
    "45":0,
    "50":0,
    "55":"0",
    "60":"0",
    "65":"0",
    "70":"0",
    "75":"0",
    "80":"0",
    "85":"0",
    "90":"0",
    "95":"0",
    "100":"0"
  },
  {
    "DAY":"2010-05-27",
    "HOUR":8,
    "2":91,
    "3":5,
    "5":29,
    "7":0,
    "10":0,
    "13":0,
    "16":0,
    "19":0,
    "21":0,
    "25":0,
    "30":0,
    "35":0,
    "40":0,
    "45":0,
    "50":0,
    "55":"0",
    "60":"0",
    "65":"0",
    "70":"0",
    "75":"0",
    "80":"0",
    "85":"0",
    "90":"0",
    "95":"0",
    "100":"0"
  },
  {
    "DAY":"2010-05-27",
    "HOUR":9,
    "2":85,
    "3":16,
    "5":33,
    "7":12,
    "10":6,
    "13":0,
    "16":0,
    "19":0,
    "21":0,
    "25":0,
    "30":0,
    "35":0,
    "40":0,
    "45":0,
    "50":0,
    "55":"0",
    "60":"0",
    "65":"0",
    "70":"0",
    "75":"0",
    "80":"0",
    "85":"0",
    "90":"0",
    "95":"0",
    "100":"0"
  },
  {
    "DAY":"2010-05-27",
    "HOUR":10,
    "2":1024,
    "3":53,
    "5":92,
    "7":75,
    "10":37,
    "13":28,
    "16":22,
    "19":31,
    "21":13,
    "25":0,
    "30":0,
    "35":0,
    "40":0,
    "45":0,
    "50":0,
    "55":"0",
    "60":"0",
    "65":"0",
    "70":"0",
    "75":"0",
    "80":"0",
    "85":"0",
    "90":"0",
    "95":"0",
    "100":"0"
  },
  {
    "DAY":"2010-05-27",
    "HOUR":11,
    "2":51,
    "3":1,
    "5":14,
    "7":0,
    "10":0,
    "13":0,
    "16":0,
    "19":0,
    "21":0,
    "25":0,
    "30":0,
    "35":0,
    "40":0,
    "45":0,
    "50":0,
    "55":"0",
    "60":"0",
    "65":"0",
    "70":"0",
    "75":"0",
    "80":"0",
    "85":"0",
    "90":"0",
    "95":"0",
    "100":"0"
  },
  {
    "DAY":"2010-05-27",
    "HOUR":12,
    "2":327,
    "3":6,
    "5":37,
    "7":30,
    "10":24,
    "13":13,
    "16":0,
    "19":0,
    "21":0,
    "25":0,
    "30":0,
    "35":0,
    "40":0,
    "45":0,
    "50":0,
    "55":"0",
    "60":"0",
    "65":"0",
    "70":"0",
    "75":"0",
    "80":"0",
    "85":"0",
    "90":"0",
    "95":"0",
    "100":"0"
  },
  {
    "DAY":"2010-05-27",
    "HOUR":13,
    "2":217,
    "3":32,
    "5":43,
    "7":15,
    "10":29,
    "13":2,
    "16":5,
    "19":5,
    "21":0,
    "25":0,
    "30":0,
    "35":0,
    "40":0,
    "45":0,
    "50":0,
    "55":"0",
    "60":"0",
    "65":"0",
    "70":"0",
    "75":"0",
    "80":"0",
    "85":"0",
    "90":"0",
    "95":"0",
    "100":"0"
  },
  {
    "DAY":"2010-05-27",
    "HOUR":14,
    "2":530,
    "3":53,
    "5":82,
    "7":36,
    "10":36,
    "13":44,
    "16":21,
    "19":10,
    "21":0,
    "25":0,
    "30":0,
    "35":0,
    "40":0,
    "45":0,
    "50":0,
    "55":"0",
    "60":"0",
    "65":"0",
    "70":"0",
    "75":"0",
    "80":"0",
    "85":"0",
    "90":"0",
    "95":"0",
    "100":"0"
  },
  {
    "DAY":"2010-05-27",
    "HOUR":15,
    "2":882,
    "3":57,
    "5":86,
    "7":44,
    "10":51,
    "13":23,
    "16":32,
    "19":18,
    "21":1,
    "25":0,
    "30":0,
    "35":0,
    "40":0,
    "45":0,
    "50":0,
    "55":"0",
    "60":"0",
    "65":"0",
    "70":"0",
    "75":"0",
    "80":"0",
    "85":"0",
    "90":"0",
    "95":"0",
    "100":"0"
  },
  {
    "DAY":"2010-05-27",
    "HOUR":16,
    "2":343,
    "3":22,
    "5":59,
    "7":16,
    "10":8,
    "13":4,
    "16":3,
    "19":0,
    "21":0,
    "25":0,
    "30":0,
    "35":0,
    "40":0,
    "45":0,
    "50":0,
    "55":"0",
    "60":"0",
    "65":"0",
    "70":"0",
    "75":"0",
    "80":"0",
    "85":"0",
    "90":"0",
    "95":"0",
    "100":"0"
  },
  {
    "DAY":"2010-05-27",
    "HOUR":17,
    "2":161,
    "3":14,
    "5":42,
    "7":13,
    "10":9,
    "13":0,
    "16":0,
    "19":0,
    "21":0,
    "25":0,
    "30":0,
    "35":0,
    "40":0,
    "45":0,
    "50":0,
    "55":"0",
    "60":"0",
    "65":"0",
    "70":"0",
    "75":"0",
    "80":"0",
    "85":"0",
    "90":"0",
    "95":"0",
    "100":"0"
  },
  {
    "DAY":"2010-05-27",
    "HOUR":18,
    "2":1004,
    "3":54,
    "5":101,
    "7":64,
    "10":56,
    "13":42,
    "16":7,
    "19":9,
    "21":6,
    "25":1,
    "30":1,
    "35":2,
    "40":3,
    "45":0,
    "50":0,
    "55":"0",
    "60":"0",
    "65":"0",
    "70":"0",
    "75":"0",
    "80":"0",
    "85":"0",
    "90":"0",
    "95":"0",
    "100":"0"
  },
  {
    "DAY":"2010-05-27",
    "HOUR":19,
    "2":569,
    "3":46,
    "5":119,
    "7":82,
    "10":41,
    "13":6,
    "16":3,
    "19":11,
    "21":8,
    "25":5,
    "30":0,
    "35":0,
    "40":0,
    "45":0,
    "50":0,
    "55":"0",
    "60":"0",
    "65":"0",
    "70":"0",
    "75":"0",
    "80":"0",
    "85":"0",
    "90":"0",
    "95":"0",
    "100":"0"
  },
  {
    "DAY":"2010-05-27",
    "HOUR":20,
    "2":285,
    "3":25,
    "5":70,
    "7":30,
    "10":12,
    "13":0,
    "16":0,
    "19":0,
    "21":0,
    "25":0,
    "30":0,
    "35":0,
    "40":0,
    "45":0,
    "50":0,
    "55":"0",
    "60":"0",
    "65":"0",
    "70":"0",
    "75":"0",
    "80":"0",
    "85":"0",
    "90":"0",
    "95":"0",
    "100":"0"
  },
  {
    "DAY":"2010-05-27",
    "HOUR":21,
    "2":133,
    "3":29,
    "5":46,
    "7":27,
    "10":0,
    "13":0,
    "16":0,
    "19":0,
    "21":0,
    "25":0,
    "30":0,
    "35":0,
    "40":0,
    "45":0,
    "50":0,
    "55":"0",
    "60":"0",
    "65":"0",
    "70":"0",
    "75":"0",
    "80":"0",
    "85":"0",
    "90":"0",
    "95":"0",
    "100":"0"
  },
  {
    "DAY":"2010-05-27",
    "HOUR":22,
    "2":892,
    "3":31,
    "5":46,
    "7":21,
    "10":15,
    "13":9,
    "16":0,
    "19":0,
    "21":0,
    "25":0,
    "30":0,
    "35":0,
    "40":0,
    "45":0,
    "50":0,
    "55":"0",
    "60":"0",
    "65":"0",
    "70":"0",
    "75":"0",
    "80":"0",
    "85":"0",
    "90":"0",
    "95":"0",
    "100":"0"
  },
  {
    "DAY":"2010-05-27",
    "HOUR":23,
    "2":28,
    "3":6,
    "5":10,
    "7":2,
    "10":1,
    "13":6,
    "16":0,
    "19":0,
    "21":0,
    "25":0,
    "30":0,
    "35":0,
    "40":0,
    "45":0,
    "50":0,
    "55":"0",
    "60":"0",
    "65":"0",
    "70":"0",
    "75":"0",
    "80":"0",
    "85":"0",
    "90":"0",
    "95":"0",
    "100":"0"
  },
  {
    "DAY":"2010-05-28",
    "HOUR":0,
    "2":254,
    "3":8,
    "5":35,
    "7":19,
    "10":2,
    "13":8,
    "16":2,
    "19":4,
    "21":0,
    "25":0,
    "30":0,
    "35":0,
    "40":0,
    "45":0,
    "50":0,
    "55":"0",
    "60":"0",
    "65":"0",
    "70":"0",
    "75":"0",
    "80":"0",
    "85":"0",
    "90":"0",
    "95":"0",
    "100":"0"
  },
  {
    "DAY":"2010-05-28",
    "HOUR":1,
    "2":84,
    "3":21,
    "5":34,
    "7":7,
    "10":5,
    "13":0,
    "16":0,
    "19":0,
    "21":0,
    "25":0,
    "30":0,
    "35":0,
    "40":0,
    "45":0,
    "50":0,
    "55":"0",
    "60":"0",
    "65":"0",
    "70":"0",
    "75":"0",
    "80":"0",
    "85":"0",
    "90":"0",
    "95":"0",
    "100":"0"
  },
  {
    "DAY":"2010-05-28",
    "HOUR":2,
    "2":118,
    "3":22,
    "5":59,
    "7":11,
    "10":0,
    "13":0,
    "16":0,
    "19":0,
    "21":0,
    "25":0,
    "30":0,
    "35":0,
    "40":0,
    "45":0,
    "50":0,
    "55":"0",
    "60":"0",
    "65":"0",
    "70":"0",
    "75":"0",
    "80":"0",
    "85":"0",
    "90":"0",
    "95":"0",
    "100":"0"
  },
  {
    "DAY":"2010-05-28",
    "HOUR":3,
    "2":352,
    "3":9,
    "5":50,
    "7":24,
    "10":22,
    "13":3,
    "16":0,
    "19":2,
    "21":1,
    "25":4,
    "30":0,
    "35":0,
    "40":0,
    "45":0,
    "50":0,
    "55":"0",
    "60":"0",
    "65":"0",
    "70":"0",
    "75":"0",
    "80":"0",
    "85":"0",
    "90":"0",
    "95":"0",
    "100":"0"
  },
  {
    "DAY":"2010-05-28",
    "HOUR":5,
    "2":40,
    "3":12,
    "5":13,
    "7":0,
    "10":0,
    "13":0,
    "16":0,
    "19":0,
    "21":0,
    "25":0,
    "30":0,
    "35":0,
    "40":0,
    "45":0,
    "50":0,
    "55":"0",
    "60":"0",
    "65":"0",
    "70":"0",
    "75":"0",
    "80":"0",
    "85":"0",
    "90":"0",
    "95":"0",
    "100":"0"
  },
  {
    "DAY":"2010-05-28",
    "HOUR":6,
    "2":496,
    "3":29,
    "5":70,
    "7":42,
    "10":18,
    "13":10,
    "16":2,
    "19":16,
    "21":0,
    "25":0,
    "30":0,
    "35":0,
    "40":0,
    "45":0,
    "50":0,
    "55":"0",
    "60":"0",
    "65":"0",
    "70":"0",
    "75":"0",
    "80":"0",
    "85":"0",
    "90":"0",
    "95":"0",
    "100":"0"
  },
  {
    "DAY":"2010-05-28",
    "HOUR":7,
    "2":224,
    "3":16,
    "5":41,
    "7":8,
    "10":6,
    "13":0,
    "16":0,
    "19":0,
    "21":0,
    "25":0,
    "30":0,
    "35":0,
    "40":0,
    "45":0,
    "50":0,
    "55":"0",
    "60":"0",
    "65":"0",
    "70":"0",
    "75":"0",
    "80":"0",
    "85":"0",
    "90":"0",
    "95":"0",
    "100":"0"
  },
  {
    "DAY":"2010-05-28",
    "HOUR":8,
    "2":63,
    "3":10,
    "5":34,
    "7":4,
    "10":0,
    "13":0,
    "16":0,
    "19":0,
    "21":0,
    "25":0,
    "30":0,
    "35":0,
    "40":0,
    "45":0,
    "50":0,
    "55":"0",
    "60":"0",
    "65":"0",
    "70":"0",
    "75":"0",
    "80":"0",
    "85":"0",
    "90":"0",
    "95":"0",
    "100":"0"
  },
  {
    "DAY":"2010-05-28",
    "HOUR":9,
    "2":216,
    "3":26,
    "5":31,
    "7":6,
    "10":6,
    "13":4,
    "16":0,
    "19":0,
    "21":0,
    "25":0,
    "30":0,
    "35":0,
    "40":0,
    "45":0,
    "50":0,
    "55":"0",
    "60":"0",
    "65":"0",
    "70":"0",
    "75":"0",
    "80":"0",
    "85":"0",
    "90":"0",
    "95":"0",
    "100":"0"
  },
  {
    "DAY":"2010-05-28",
    "HOUR":21,
    "2":18,
    "3":2,
    "5":4,
    "7":0,
    "10":0,
    "13":0,
    "16":0,
    "19":0,
    "21":0,
    "25":0,
    "30":0,
    "35":0,
    "40":0,
    "45":0,
    "50":0,
    "55":"0",
    "60":"0",
    "65":"0",
    "70":"0",
    "75":"0",
    "80":"0",
    "85":"0",
    "90":"0",
    "95":"0",
    "100":"0"
  },
  {
    "DAY":"2010-05-28",
    "HOUR":22,
    "2":26,
    "3":1,
    "5":3,
    "7":5,
    "10":0,
    "13":0,
    "16":0,
    "19":0,
    "21":0,
    "25":0,
    "30":0,
    "35":0,
    "40":0,
    "45":0,
    "50":0,
    "55":"0",
    "60":"0",
    "65":"0",
    "70":"0",
    "75":"0",
    "80":"0",
    "85":"0",
    "90":"0",
    "95":"0",
    "100":"0"
  },
  {
    "DAY":"2010-05-30",
    "HOUR":12,
    "2":681,
    "3":9,
    "5":6,
    "7":0,
    "10":0,
    "13":0,
    "16":0,
    "19":0,
    "21":0,
    "25":0,
    "30":0,
    "35":0,
    "40":0,
    "45":1,
    "50":0,
    "55":"0",
    "60":"0",
    "65":"0",
    "70":"0",
    "75":"0",
    "80":"0",
    "85":"0",
    "90":"0",
    "95":"0",
    "100":"0"
  },
  {
    "DAY":"2010-05-30",
    "HOUR":13,
    "2":159,
    "3":3,
    "5":7,
    "7":0,
    "10":0,
    "13":0,
    "16":0,
    "19":0,
    "21":0,
    "25":0,
    "30":0,
    "35":0,
    "40":0,
    "45":0,
    "50":0,
    "55":"0",
    "60":"0",
    "65":"0",
    "70":"0",
    "75":"0",
    "80":"0",
    "85":"0",
    "90":"0",
    "95":"0",
    "100":"0"
  },
  {
    "DAY":"2010-05-30",
    "HOUR":14,
    "2":77,
    "3":16,
    "5":26,
    "7":3,
    "10":0,
    "13":0,
    "16":0,
    "19":0,
    "21":0,
    "25":0,
    "30":0,
    "35":0,
    "40":0,
    "45":0,
    "50":0,
    "55":"0",
    "60":"0",
    "65":"0",
    "70":"0",
    "75":"0",
    "80":"0",
    "85":"0",
    "90":"0",
    "95":"0",
    "100":"0"
  },
  {
    "DAY":"2010-05-30",
    "HOUR":15,
    "2":725,
    "3":30,
    "5":25,
    "7":24,
    "10":33,
    "13":28,
    "16":30,
    "19":3,
    "21":3,
    "25":15,
    "30":13,
    "35":10,
    "40":10,
    "45":2,
    "50":0,
    "55":"0",
    "60":"0",
    "65":"0",
    "70":"0",
    "75":"0",
    "80":"0",
    "85":"0",
    "90":"0",
    "95":"0",
    "100":"0"
  },
  {
    "DAY":"2010-05-30",
    "HOUR":16,
    "2":632,
    "3":37,
    "5":11,
    "7":9,
    "10":6,
    "13":4,
    "16":5,
    "19":9,
    "21":9,
    "25":9,
    "30":0,
    "35":0,
    "40":0,
    "45":0,
    "50":0,
    "55":"0",
    "60":"0",
    "65":"0",
    "70":"0",
    "75":"0",
    "80":"0",
    "85":"0",
    "90":"0",
    "95":"0",
    "100":"0"
  },
  {
    "DAY":"2010-05-30",
    "HOUR":17,
    "2":422,
    "3":13,
    "5":26,
    "7":5,
    "10":10,
    "13":8,
    "16":13,
    "19":11,
    "21":0,
    "25":0,
    "30":0,
    "35":0,
    "40":0,
    "45":0,
    "50":0,
    "55":"0",
    "60":"0",
    "65":"0",
    "70":"0",
    "75":"0",
    "80":"0",
    "85":"0",
    "90":"0",
    "95":"0",
    "100":"0"
  },
  {
    "DAY":"2010-05-30",
    "HOUR":18,
    "2":104,
    "3":15,
    "5":24,
    "7":3,
    "10":6,
    "13":0,
    "16":2,
    "19":1,
    "21":6,
    "25":0,
    "30":0,
    "35":0,
    "40":0,
    "45":0,
    "50":0,
    "55":"0",
    "60":"0",
    "65":"0",
    "70":"0",
    "75":"0",
    "80":"0",
    "85":"0",
    "90":"0",
    "95":"0",
    "100":"0"
  }
]